Name,Id,Age,Tm,Lg,G,PA,AB,R,H,2B,3B,HR,RBI,SB,CS,BB,SO,BA,OBP,SLG,OPS,OPS+,TB,GDP,HBP,SH,SF,IBB,Career,Weight,Height,AllStar,Awards,Salary
Ronald Acuna Jr.,acunaro01,20,ATL,NL,111,487,433,78,127,26,4,26,64,16,5,45,123,0.293,0.366,0.552,0.917,143,239,4,6,0,3,2,1,180,72,0,0,560000
Lane Adams,adamsla01,28,ATL,NL,26,29,25,10,6,1,0,2,6,1,0,4,8,0.24,0.345,0.52,0.865,129,13,1,0,0,0,0,5,220,76,0,0,0
Matt Adams*,adamsma01,29,TOT/WSN/STL,NL,121,337,306,42,73,10,0,21,57,0,0,27,73,0.239,0.309,0.477,0.786,105,146,6,4,0,0,3,7,245,75,0,0,3000000
Ehire Adrianza#,adriaeh01,28,MIN,AL,114,366,335,42,84,23,1,6,39,5,1,24,82,0.251,0.301,0.379,0.68,85,127,4,1,4,2,2,6,195,73,0,0,0
Jesus Aguilar,aguilje01,28,MIL,NL,149,566,492,80,135,25,0,35,108,0,0,58,143,0.274,0.352,0.539,0.89,135,265,19,6,0,10,3,5,250,75,1,0,637500
Nick Ahmed,ahmedni01,28,ARI,NL,153,564,516,61,121,33,5,16,70,5,4,40,109,0.234,0.29,0.411,0.7,83,212,15,2,1,5,2,5,195,74,0,0,3663000
Ozzie Albies#,albieoz01,21,ATL,NL,158,684,639,105,167,40,5,24,72,14,3,36,116,0.261,0.305,0.452,0.757,101,289,9,5,1,3,0,2,165,68,1,0,575000
Jorge Alfaro,alfarjo01,25,PHI,NL,108,377,344,35,90,16,2,10,37,3,0,18,138,0.262,0.324,0.407,0.731,95,140,2,14,0,1,6,3,225,74,0,0,570000
Albert Almora,almoral01,24,CHC,NL,152,479,444,62,127,24,1,5,41,1,3,24,83,0.286,0.323,0.378,0.701,86,168,12,3,2,6,1,3,190,74,0,0,615500
Yonder Alonso*,alonsyo01,31,CLE,AL,145,574,516,64,129,19,0,23,83,0,0,51,123,0.25,0.317,0.421,0.738,98,217,10,2,0,5,1,9,230,73,1,0,0
Aaron Altherr,altheaa01,27,PHI,NL,105,285,243,28,44,11,1,8,38,3,2,36,91,0.181,0.295,0.333,0.628,69,81,13,4,0,2,0,5,215,77,0,0,1350000
Jose Altuve,altuvjo01,28,HOU,AL,137,599,534,84,169,29,2,13,61,17,4,55,79,0.316,0.386,0.451,0.837,130,241,17,6,3,1,4,8,165,66,6,10,9500000
Pedro Alvarez*,alvarpe01,31,BAL,AL,45,127,111,18,20,2,0,8,18,0,0,16,36,0.18,0.283,0.414,0.698,90,46,2,0,0,0,0,9,250,75,1,1,0
Brian Anderson,anderbr06,25,MIA,NL,156,670,590,87,161,34,4,11,65,2,4,62,129,0.273,0.357,0.4,0.757,110,236,18,16,0,2,2,2,185,75,0,0,585000
Tim Anderson,anderti01,25,CHW,AL,153,606,567,77,136,28,3,20,64,26,8,30,149,0.24,0.281,0.406,0.687,87,230,15,4,2,3,2,3,185,73,0,0,1400000
Elvis Andrus,andruel01,29,TEX,AL,97,428,395,53,101,20,3,6,33,5,3,28,66,0.256,0.308,0.367,0.675,78,145,8,3,0,2,0,10,200,72,2,0,15250000
Orlando Arcia,arciaor01,23,MIL,NL,119,366,348,32,82,16,0,3,30,7,4,15,87,0.236,0.268,0.307,0.576,55,107,9,1,1,1,0,3,165,72,0,0,565700
Nolan Arenado,arenano01,27,COL,NL,156,673,590,104,175,38,2,38,110,2,2,73,122,0.297,0.374,0.561,0.935,133,331,16,3,1,6,10,6,215,74,4,8,26000000
Carlos Asuaje*,asuajca01,26,SDP,NL,79,218,189,15,37,8,1,2,19,1,1,24,46,0.196,0.286,0.28,0.566,59,53,5,1,1,3,1,3,158,69,0,0,0
Javier Baez,baezja01,25,CHC,NL,160,645,606,101,176,40,9,34,111,21,9,29,167,0.29,0.326,0.554,0.881,129,336,10,5,1,4,8,5,190,72,1,1,5200000
Jett Bandy,bandyje01,28,MIL,NL,24,71,64,5,12,2,0,1,1,0,0,3,23,0.188,0.268,0.266,0.533,44,17,0,4,0,0,0,4,235,76,0,0,0
Austin Barnes,barneau01,28,LAD,NL,100,238,200,32,41,5,0,4,14,4,3,31,67,0.205,0.329,0.29,0.619,72,58,7,6,1,0,4,4,187,70,0,0,0
Tucker Barnhart#,barnhtu01,27,CIN,NL,138,522,460,50,114,21,3,10,46,0,4,54,96,0.248,0.328,0.372,0.699,88,171,13,2,3,3,2,5,192,71,0,1,0
Gordon Beckham,beckhgo01,31,SEA,AL,22,50,44,3,8,1,0,0,1,1,0,4,11,0.182,0.25,0.205,0.455,31,9,1,0,2,0,0,10,190,72,0,0,100000
Tim Beckham,beckhti01,28,BAL,AL,96,402,369,45,85,17,0,12,35,1,2,27,100,0.23,0.287,0.374,0.661,81,138,10,3,1,2,0,6,205,73,0,0,1750000
Josh Bell#,belljo02,25,PIT,NL,148,583,501,74,131,31,4,12,62,2,5,77,104,0.261,0.357,0.411,0.768,111,206,12,0,0,5,2,3,240,76,0,0,587000
Cody Bellinger*,bellico01,22,LAD,NL,162,632,557,84,145,28,7,25,76,14,1,69,151,0.26,0.343,0.47,0.814,120,262,7,3,0,3,9,2,203,76,1,1,605000
Brandon Belt*,beltbr01,30,SFG,NL,112,456,399,50,101,18,2,14,46,4,0,49,107,0.253,0.342,0.414,0.756,110,165,2,6,0,2,6,8,235,76,1,0,17200000
Adrian Beltre,beltrad01,39,TEX,AL,119,481,433,49,118,23,1,15,65,1,0,34,96,0.273,0.328,0.434,0.763,99,188,13,6,0,8,2,21,220,71,4,9,0
Andrew Benintendi*,beninan01,23,BOS,AL,148,661,579,103,168,41,6,16,87,21,3,71,106,0.29,0.366,0.465,0.83,123,269,9,2,2,7,1,3,170,70,0,0,717500
Mookie Betts,bettsmo01,25,BOS,AL,136,614,520,129,180,47,5,32,80,30,6,81,91,0.346,0.438,0.64,1.078,186,333,5,8,0,5,8,5,180,69,3,5,20000000
Greg Bird*,birdgr01,25,NYY,AL,82,311,272,23,54,16,1,11,38,0,0,30,78,0.199,0.286,0.386,0.672,82,105,4,5,0,4,1,4,220,76,0,0,1200000
Charlie Blackmon*,blackch02,31,COL,NL,156,696,626,119,182,31,7,29,70,12,4,59,134,0.291,0.358,0.502,0.86,115,314,10,8,1,2,2,8,220,75,3,3,21500000
Gregor Blanco*,blancgr01,34,SFG,NL,68,203,189,19,41,7,3,2,12,6,2,12,58,0.217,0.262,0.317,0.58,61,60,2,0,1,1,0,11,187,70,0,0,0
Xander Bogaerts,bogaexa01,25,BOS,AL,136,580,513,72,148,45,3,23,103,8,2,55,102,0.288,0.36,0.522,0.883,135,268,14,6,0,6,4,6,210,73,1,2,12000000
Justin Bour*,bourju01,30,TOT/MIA/PHI,NL,141,501,423,49,96,13,1,20,59,2,0,73,124,0.227,0.341,0.404,0.746,106,171,10,2,0,3,6,5,270,76,0,0,2500000
Peter Bourjos,bourjpe01,31,ATL,NL,36,47,44,5,9,2,1,1,4,0,0,2,15,0.205,0.239,0.364,0.603,60,16,0,0,1,0,0,9,190,73,0,0,100000
Jackie Bradley Jr.*,bradlja02,28,BOS,AL,144,535,474,76,111,33,4,13,59,17,1,46,137,0.234,0.314,0.403,0.717,92,191,6,11,0,4,3,6,200,70,1,1,8550000
Michael Brantley*,brantmi02,31,CLE,AL,143,631,570,89,176,36,2,17,76,12,3,48,60,0.309,0.364,0.468,0.832,124,267,15,5,1,6,0,10,200,74,3,1,16000000
Ryan Braun,braunry02,34,MIL,NL,125,447,405,59,103,25,1,20,64,11,5,34,85,0.254,0.313,0.469,0.782,106,190,8,2,0,3,5,12,205,74,6,6,19000000
Alex Bregman,bregmal01,24,HOU,AL,157,705,594,105,170,51,1,31,103,10,4,96,85,0.286,0.394,0.532,0.926,152,316,15,12,0,3,2,3,180,72,1,0,640500
Lewis Brinson,brinsle01,24,MIA,NL,109,406,382,31,76,10,5,11,42,2,1,17,120,0.199,0.24,0.338,0.577,58,129,6,4,0,2,2,2,195,75,0,0,570000
Jay Bruce*,bruceja01,31,NYM,NL,94,361,319,31,71,18,1,9,37,2,3,41,75,0.223,0.31,0.37,0.68,90,118,3,0,0,1,4,11,225,75,3,2,14000000
Kris Bryant,bryankr01,26,CHC,NL,102,457,389,59,106,28,3,13,52,2,4,48,107,0.272,0.374,0.46,0.834,121,179,5,17,0,3,6,4,230,77,2,4,12900000
Drew Butera,buterdr01,34,COL,NL,10,16,14,2,3,0,0,1,3,0,0,2,2,0.214,0.313,0.429,0.741,86,6,0,0,0,0,0,9,205,73,0,0,0
Byron Buxton,buxtoby01,24,MIN,AL,28,94,90,8,14,4,0,0,4,5,0,3,28,0.156,0.183,0.2,0.383,5,18,1,0,1,0,0,4,190,74,0,1,1750000
Asdrubal Cabrera#,cabreas01,32,TOT/NYM/PHI,NL,147,592,546,68,143,36,1,23,75,0,0,41,119,0.262,0.316,0.458,0.774,111,250,16,3,0,2,1,12,205,72,2,1,3500000
Melky Cabrera#,cabreme01,33,CLE,AL,78,278,250,28,70,17,0,6,39,1,1,20,38,0.28,0.335,0.42,0.755,103,105,10,3,0,5,0,14,210,70,1,1,100000
Miguel Cabrera,cabremi01,35,DET,AL,38,157,134,17,40,11,0,3,22,0,0,22,27,0.299,0.395,0.448,0.843,128,60,6,0,0,1,4,16,249,76,11,16,30000000
Lorenzo Cain,cainlo01,32,MIL,NL,141,620,539,90,166,25,2,10,38,30,7,71,94,0.308,0.395,0.417,0.813,119,225,10,8,0,2,1,9,205,74,2,1,15000000
Kole Calhoun*,calhoko01,30,LAA,AL,137,552,491,71,102,18,2,19,57,6,2,53,133,0.208,0.283,0.369,0.652,79,181,9,1,0,6,2,7,215,70,0,1,10500000
Johan Camargo#,camarjo01,24,ATL,NL,134,524,464,63,126,27,1,19,76,1,1,51,108,0.272,0.349,0.457,0.806,115,212,13,6,0,3,4,2,195,72,0,0,575000
Jeimer Candelario#,candeje01,24,DET,AL,144,619,539,78,121,28,3,19,54,3,2,66,160,0.224,0.317,0.393,0.71,91,212,4,9,0,5,1,3,221,73,0,0,0
Robinson Cano*,canoro01,35,SEA,AL,80,348,310,44,94,22,0,10,50,0,0,32,47,0.303,0.374,0.471,0.845,136,146,9,4,0,2,2,14,210,72,8,8,24000000
Matt Carpenter*,carpema01,32,STL,NL,156,677,564,111,145,42,0,36,81,4,1,102,158,0.257,0.374,0.523,0.897,143,295,0,6,0,4,17,8,205,75,3,1,14750000
Nicholas Castellanos,casteni01,26,DET,AL,157,678,620,88,185,46,5,23,89,2,1,49,151,0.298,0.354,0.5,0.854,128,310,8,6,0,3,5,6,203,76,0,0,9950000
Welington Castillo,castiwe01,31,CHW,AL,49,181,170,17,44,7,0,6,15,1,0,9,46,0.259,0.304,0.406,0.71,94,69,7,2,0,0,0,9,220,70,0,0,7250000
Jason Castro*,castrja01,31,MIN,AL,19,74,63,4,9,3,0,1,3,0,0,9,26,0.143,0.257,0.238,0.495,37,15,2,1,0,1,0,9,215,75,1,0,8000000
Starlin Castro,castrst01,28,MIA,NL,154,647,593,76,165,32,2,12,54,6,4,48,124,0.278,0.329,0.4,0.729,102,237,18,0,0,6,3,9,230,74,4,0,11857143
Jake Cave*,caveja01,25,MIN,AL,91,309,283,54,75,16,2,13,45,2,1,18,102,0.265,0.313,0.473,0.786,111,134,2,3,2,3,2,1,200,72,0,0,572500
Juan Centeno*,centeju01,28,TEX,AL,10,38,37,3,6,1,0,1,3,0,0,1,7,0.162,0.184,0.27,0.454,18,10,2,0,0,0,0,6,195,69,0,0,0
Francisco Cervelli,cervefr01,32,PIT,NL,104,404,332,39,86,15,3,12,57,2,3,51,84,0.259,0.378,0.431,0.809,123,143,7,15,2,4,1,11,210,73,0,0,11500000
Yoenis Cespedes,cespeyo01,32,NYM,NL,38,157,141,20,37,6,0,9,29,3,0,13,50,0.262,0.325,0.496,0.821,126,70,1,1,0,2,2,7,220,70,2,3,0
Matt Chapman,chapmma01,25,OAK,AL,145,616,547,100,152,42,6,24,68,1,2,58,146,0.278,0.356,0.508,0.864,137,278,18,9,0,2,0,2,220,72,0,0,580000
Robinson Chirinos,chiriro01,34,TEX,AL,113,426,360,48,80,15,1,18,65,2,0,45,140,0.222,0.338,0.419,0.757,99,151,7,19,0,2,0,8,210,73,0,0,5750000
Lonnie Chisenhall*,chiselo01,29,CLE,AL,29,95,84,11,27,6,1,1,9,1,0,8,12,0.321,0.394,0.452,0.846,129,38,2,2,1,0,1,8,190,74,0,0,0
Shin-Soo Choo*,choosh01,35,TEX,AL,146,665,560,83,148,30,1,21,62,6,1,92,156,0.264,0.377,0.434,0.81,114,243,11,10,1,2,2,14,210,71,1,0,21000000
Michael Conforto*,confomi01,25,NYM,NL,153,638,543,78,132,25,1,28,82,3,4,84,159,0.243,0.35,0.448,0.797,122,243,10,7,0,4,8,4,215,73,1,0,4025000
Willson Contreras,contrwi01,26,CHC,NL,138,544,474,50,118,27,5,10,54,4,1,53,121,0.249,0.339,0.39,0.73,94,185,14,13,2,2,2,3,210,73,1,0,684000
Garrett Cooper,coopega03,27,MIA,NL,14,38,33,2,7,1,0,0,2,0,0,4,12,0.212,0.316,0.242,0.558,59,8,1,1,0,0,0,2,230,78,0,0,555000
Franchy Cordero*,cordefr02,23,SDP,NL,40,154,139,19,33,5,1,7,19,5,2,14,55,0.237,0.307,0.439,0.746,105,61,1,0,1,0,0,2,175,75,0,0,560100
Carlos Correa,correca01,23,HOU,AL,110,468,402,60,96,20,1,15,65,3,0,53,111,0.239,0.323,0.405,0.728,99,163,17,2,0,11,3,4,215,76,1,1,5000000
Zack Cozart,cozarza01,32,LAA,AL,58,253,224,29,49,13,2,5,18,0,0,19,42,0.219,0.296,0.362,0.658,81,81,7,7,0,3,0,8,204,72,1,0,12666667
Brandon Crawford*,crawfbr01,31,SFG,NL,151,594,531,63,135,28,2,14,54,4,5,50,122,0.254,0.325,0.394,0.719,100,209,12,8,0,5,13,8,227,74,2,4,15200000
J.P. Crawford*,crawfjp01,23,PHI,NL,49,138,117,17,25,6,3,3,12,2,0,13,37,0.214,0.319,0.393,0.712,90,46,2,5,2,0,0,2,180,74,0,0,0
C.J. Cron,croncj01,28,TBR,AL,140,560,501,68,127,28,1,30,74,1,2,37,145,0.253,0.323,0.493,0.816,123,247,11,17,0,5,2,5,235,76,0,0,4800000
Nelson Cruz,cruzne02,37,SEA,AL,144,591,519,70,133,18,1,37,97,1,0,55,122,0.256,0.342,0.509,0.85,135,264,15,14,0,3,5,14,230,74,6,5,14000000
Cheslor Cuthbert,cuthbch01,25,KCR,AL,30,117,103,11,20,2,0,3,7,0,1,11,23,0.194,0.282,0.301,0.583,61,31,5,2,0,1,0,4,210,73,0,0,850000
Travis d'Arnaud,darnatr01,29,NYM,NL,4,16,15,1,3,0,0,1,3,0,0,1,5,0.2,0.25,0.4,0.65,79,6,0,0,0,0,0,6,210,74,0,0,0
Chris Davis*,davisch02,32,BAL,AL,128,522,470,40,79,12,0,16,49,2,0,41,192,0.168,0.243,0.296,0.539,49,139,5,7,0,4,2,11,230,75,1,1,0
Khris Davis,daviskh01,30,OAK,AL,151,654,576,98,142,28,1,48,123,0,0,59,175,0.247,0.326,0.549,0.874,137,316,16,12,0,7,5,6,203,71,0,0,16500000
Rajai Davis,davisra01,37,CLE,AL,101,216,196,33,44,6,1,1,6,21,7,11,48,0.224,0.278,0.281,0.559,53,55,2,4,4,1,0,13,195,70,0,0,0
Paul DeJong,dejonpa01,24,STL,NL,115,490,436,68,105,25,1,19,68,1,1,36,123,0.241,0.313,0.433,0.746,102,189,6,12,0,5,2,2,200,72,0,0,1666667
Nicky Delmonico*,delmoni01,25,CHW,AL,88,318,284,31,61,11,5,8,25,1,2,27,80,0.215,0.296,0.373,0.669,84,106,7,6,0,1,1,2,230,75,0,0,0
Delino DeShields,deshide02,25,TEX,AL,106,393,334,52,72,14,1,2,22,20,4,43,83,0.216,0.31,0.281,0.591,58,94,1,3,12,1,0,4,200,69,0,0,1400000
Ian Desmond,desmoia01,32,COL,NL,160,619,555,82,131,21,8,22,88,20,6,53,146,0.236,0.307,0.422,0.729,83,234,17,6,1,4,0,10,220,75,2,3,0
Rafael Devers*,deverra01,21,BOS,AL,121,490,450,59,108,24,0,21,66,5,2,38,121,0.24,0.298,0.433,0.731,94,195,9,0,0,2,6,2,237,72,0,0,614500
Aledmys Diaz,diazal02,27,TOR,AL,130,452,422,55,111,26,0,18,55,3,4,23,62,0.263,0.303,0.453,0.756,105,191,9,3,0,4,2,3,195,73,1,0,2000000
Elias Diaz,diazel01,27,PIT,NL,82,277,252,33,72,12,0,10,34,0,1,21,40,0.286,0.339,0.452,0.792,116,114,4,1,0,3,1,4,220,73,0,0,578500
Corey Dickerson*,dickeco01,29,PIT,NL,135,533,504,65,151,35,7,13,55,8,3,21,80,0.3,0.33,0.474,0.804,118,239,14,4,0,4,4,6,210,73,1,0,8500000
Derek Dietrich*,dietrde01,28,MIA,NL,149,551,499,72,132,26,2,16,45,2,0,29,140,0.265,0.33,0.421,0.751,107,210,5,21,0,2,2,6,205,72,0,0,100000
Wilmer Difo#,difowi01,26,WSN,NL,148,456,408,55,94,14,7,7,42,10,3,39,82,0.23,0.298,0.35,0.649,71,143,8,2,3,4,5,4,200,71,0,0,581100
Josh Donaldson,donaljo02,32,TOT/TOR/CLE,AL,52,219,187,30,46,14,0,8,23,2,0,31,54,0.246,0.352,0.449,0.801,119,84,3,0,0,1,2,9,210,73,3,6,23000000
Brian Dozier,doziebr01,31,TOT/MIN/LAD,MLB/AL/NL,151,632,553,81,119,30,2,21,72,12,3,70,129,0.215,0.305,0.391,0.696,89,216,12,4,0,5,1,7,200,71,1,1,0
Brandon Drury,drurybr01,25,TOT/NYY/TOR,AL,26,86,77,5,13,4,0,1,10,0,0,7,20,0.169,0.256,0.26,0.516,43,20,5,2,0,0,0,4,215,74,0,0,1300000
Lucas Duda*,dudalu01,32,TOT/KCR/ATL,MLB/AL/NL,107,367,328,35,79,14,1,14,50,1,0,28,102,0.241,0.313,0.418,0.731,98,137,5,8,0,3,2,9,255,76,0,0,1250000
Matt Duffy,duffyma01,27,TBR,AL,132,560,503,59,148,22,1,4,44,12,6,47,93,0.294,0.361,0.366,0.727,104,184,12,7,1,2,1,5,190,74,0,0,0
Adam Duvall,duvalad01,29,TOT/CIN/ATL,NL,138,427,384,48,75,20,0,15,61,2,2,37,117,0.195,0.274,0.365,0.639,70,140,9,5,0,1,3,5,215,73,1,0,0
Jarrod Dyson*,dysonja01,33,ARI,NL,67,237,206,29,39,4,2,2,12,16,3,27,34,0.189,0.282,0.257,0.539,45,53,3,0,3,1,2,9,165,70,0,0,3750000
Adam Eaton*,eatonad02,29,WSN,NL,95,370,319,55,96,18,1,5,33,9,1,38,64,0.301,0.394,0.411,0.805,114,131,2,11,2,0,0,7,176,69,0,0,8400000
A.J. Ellis,ellisaj01,37,SDP,NL,66,183,151,19,41,8,0,1,15,0,0,26,37,0.272,0.378,0.344,0.722,104,52,2,1,3,2,1,11,225,74,0,0,0
Edwin Encarnacion,encared01,35,CLE,AL,137,579,500,74,123,16,1,32,107,3,0,63,132,0.246,0.336,0.474,0.81,116,237,14,8,0,7,2,14,230,73,3,0,0
Adam Engel,engelad01,26,CHW,AL,143,463,429,49,101,17,4,6,29,16,8,18,129,0.235,0.279,0.336,0.614,69,144,1,8,7,1,0,2,210,74,0,0,571000
Alcides Escobar,escobal02,31,KCR,AL,140,531,485,54,112,22,3,4,34,8,2,29,74,0.231,0.279,0.313,0.593,63,152,14,5,8,4,1,11,205,73,1,2,0
Eduardo Escobar#,escobed01,29,TOT/MIN/ARI,MLB/AL/NL,151,631,566,75,154,48,3,23,84,2,4,52,126,0.272,0.334,0.489,0.824,119,277,12,5,0,8,8,8,185,70,0,0,6166666
Phillip Evans,evansph01,25,NYM,NL,15,23,21,1,3,0,0,0,1,1,0,2,8,0.143,0.217,0.143,0.36,4,3,1,0,0,0,0,2,210,70,0,0,0
Derek Fisher*,fishede01,24,HOU,AL,42,86,79,13,13,2,2,4,11,2,0,5,42,0.165,0.209,0.392,0.602,61,31,0,0,0,2,0,2,205,75,0,0,0
Ryan Flaherty*,flahery01,31,ATL,NL,81,182,161,17,35,6,0,2,13,4,2,18,41,0.217,0.298,0.292,0.59,61,47,5,1,1,1,4,7,205,75,0,0,0
Wilmer Flores,florewi01,26,NYM,NL,126,429,386,43,103,25,0,11,51,0,0,29,42,0.267,0.319,0.417,0.736,105,161,8,5,0,9,1,6,205,75,0,0,3750000
Tyler Flowers,flowety01,32,ATL,NL,82,296,251,34,57,9,0,8,30,0,0,35,76,0.227,0.341,0.359,0.7,90,90,6,9,0,1,0,10,260,76,0,0,4000000
Logan Forsythe,forsylo01,31,TOT/LAD/MIN,MLB/NL/AL,120,416,371,37,86,16,0,2,27,3,0,41,83,0.232,0.313,0.291,0.604,67,108,10,3,0,1,1,8,195,73,0,0,100000
Dexter Fowler#,fowlede01,32,STL,NL,90,334,289,40,52,10,0,8,31,5,2,38,75,0.18,0.278,0.298,0.576,59,86,2,3,0,4,0,11,195,77,1,0,16500000
Dustin Fowler*,fowledu01,23,OAK,AL,69,203,192,19,43,3,2,6,23,6,4,8,47,0.224,0.256,0.354,0.61,68,68,2,1,0,2,0,2,190,72,0,0,0
Maikel Franco,francma02,25,PHI,NL,131,465,433,48,117,17,1,22,68,1,0,29,62,0.27,0.314,0.467,0.78,106,202,15,0,0,3,7,5,215,73,0,0,5200000
Adam Frazier*,fraziad01,26,PIT,NL,113,352,318,52,88,23,2,10,35,1,3,29,53,0.277,0.342,0.456,0.798,118,145,3,3,1,1,2,3,180,70,0,0,584000
Clint Frazier,frazicl01,23,NYY,AL,15,41,34,9,9,3,0,0,1,0,0,5,13,0.265,0.39,0.353,0.743,107,12,3,2,0,0,0,2,190,73,0,0,563300
Todd Frazier,frazito01,32,NYM,NL,115,472,408,54,87,18,0,18,59,9,4,48,112,0.213,0.303,0.39,0.693,93,159,10,8,0,8,1,8,220,75,2,0,9000000
Freddie Freeman*,freemfr01,28,ATL,NL,162,707,618,94,191,44,4,23,98,10,3,76,132,0.309,0.388,0.505,0.892,139,312,11,7,0,6,12,9,220,77,3,1,21000000
David Freese,freesda01,35,TOT/PIT/LAD,NL,113,312,280,38,83,12,2,11,51,0,0,24,72,0.296,0.359,0.471,0.83,126,132,10,5,0,3,1,10,213,74,1,3,4500000
Joey Gallo*,gallojo01,24,TEX,AL,148,577,500,82,103,24,1,40,92,3,4,74,207,0.206,0.312,0.498,0.81,109,249,3,3,0,0,4,4,235,77,0,0,605500
Freddy Galvis#,galvifr01,28,SDP,NL,162,656,602,62,149,31,5,13,67,8,6,45,147,0.248,0.299,0.38,0.68,88,229,8,2,1,6,2,7,185,70,0,0,4000000
Avisail Garcia,garciav01,27,CHW,AL,93,385,356,47,84,11,2,19,49,3,1,20,102,0.236,0.281,0.438,0.719,95,156,9,4,0,5,2,7,250,76,1,0,3500000
Leury Garcia#,garcile02,27,CHW,AL,82,275,258,23,70,7,4,4,32,12,1,9,69,0.271,0.303,0.376,0.679,87,97,2,3,4,1,0,6,180,68,0,0,1550000
Brett Gardner*,gardnbr01,34,NYY,AL,140,609,530,95,125,20,7,12,45,16,2,65,107,0.236,0.322,0.368,0.69,89,195,6,5,4,5,0,11,195,71,1,1,7500000
Evan Gattis,gattiev01,31,HOU,AL,128,451,407,49,92,17,0,25,78,1,0,33,101,0.226,0.284,0.452,0.736,98,184,13,3,0,8,2,6,270,76,0,0,0
Scooter Gennett*,gennesc01,28,CIN,NL,154,638,584,86,181,30,3,23,92,4,2,42,125,0.31,0.357,0.49,0.847,125,286,14,4,3,5,3,6,185,70,1,0,9775000
Craig Gentry,gentrcr01,34,BAL,AL,68,169,156,13,42,5,2,1,11,12,3,11,31,0.269,0.321,0.346,0.668,85,54,2,1,1,0,0,10,190,74,0,0,0
Paul Goldschmidt,goldspa01,30,ARI,NL,158,690,593,95,172,35,5,33,83,7,4,90,173,0.29,0.389,0.533,0.922,142,316,7,6,0,0,11,8,225,75,6,7,14500000
Yan Gomes,gomesya01,30,CLE,AL,112,435,403,52,107,26,0,16,48,0,0,21,119,0.266,0.313,0.449,0.762,103,181,4,8,0,3,2,7,215,74,1,1,0
Adrian Gonzalez*,gonzaad01,36,NYM,NL,54,187,169,15,40,5,0,6,26,0,0,15,34,0.237,0.299,0.373,0.672,88,63,5,1,0,2,3,15,215,74,5,6,0
Carlos Gonzalez*,gonzaca01,32,COL,NL,132,504,463,71,128,32,4,16,64,5,2,37,113,0.276,0.329,0.467,0.796,99,216,5,1,0,3,4,11,220,73,3,5,100000
Erik Gonzalez,gonzaer01,26,CLE,AL,81,143,136,17,36,10,1,1,16,3,0,5,34,0.265,0.301,0.375,0.676,82,51,0,2,0,0,0,3,205,75,0,0,577000
Marwin Gonzalez#,gonzama01,29,HOU,AL,145,552,489,61,121,25,3,16,68,2,3,53,126,0.247,0.324,0.409,0.733,101,200,14,3,5,2,3,7,205,73,0,0,12000000
Brian Goodwin*,goodwbr01,27,TOT/WSN/KCR,MLB/NL/AL,75,180,159,20,38,6,0,6,25,4,2,16,57,0.239,0.318,0.39,0.708,90,62,0,3,1,1,0,3,200,72,0,0,583500
Alex Gordon*,gordoal01,34,KCR,AL,141,568,506,56,124,24,0,13,54,12,2,50,124,0.245,0.324,0.37,0.694,90,187,7,10,0,2,4,12,225,73,3,5,0
Dee Gordon*,gordode01,30,SEA,AL,141,588,556,62,149,17,8,4,36,30,12,9,80,0.268,0.288,0.349,0.637,79,194,10,9,9,5,0,8,170,71,2,2,13300000
Phil Gosselin,gosseph01,29,CIN,NL,20,28,24,5,3,0,0,1,2,0,0,4,8,0.125,0.25,0.25,0.5,35,6,1,0,0,0,1,6,200,73,0,0,0
Yasmani Grandal#,grandya01,29,LAD,NL,140,518,440,65,106,23,2,24,68,2,1,72,124,0.241,0.349,0.466,0.815,121,205,12,3,0,3,1,7,235,73,1,0,16000000
Curtis Granderson*,grandcu01,37,TOT/TOR/MIL,MLB/AL/NL,123,403,343,60,83,22,2,13,38,2,1,54,106,0.242,0.351,0.431,0.782,115,148,3,4,1,1,1,15,200,73,3,2,1750000
Didi Gregorius*,gregodi01,28,NYY,AL,134,569,504,89,135,23,5,27,86,10,6,48,69,0.268,0.335,0.494,0.829,124,249,8,7,1,9,3,7,205,75,0,0,11750000
Robbie Grossman#,grossro01,28,MIN,AL,129,465,396,50,108,27,1,5,48,0,1,60,83,0.273,0.367,0.384,0.751,106,152,2,2,2,5,0,6,215,72,0,0,2000000
Lourdes Gurriel Jr.,gurrilo01,24,TOR,AL,65,263,249,30,70,8,0,11,35,1,2,9,59,0.281,0.309,0.446,0.755,106,111,2,2,1,2,1,1,215,75,0,0,1928571
Yuli Gurriel,gourryu01,34,HOU,AL,136,573,537,70,156,33,1,13,85,5,1,23,63,0.291,0.323,0.428,0.751,105,230,22,6,0,7,0,3,190,72,0,0,10400000
David Hale,haleda02,30,NYY,AL,2,0,0,0,0,0,0,0,0,0,0,0,0,,,,,,0,0,0,0,0,0,6,210,74,0,0,0
Alen Hanson#,hansoal01,25,SFG,NL,110,310,294,36,74,17,5,8,39,7,3,9,71,0.252,0.274,0.425,0.699,91,125,4,1,3,3,0,3,170,72,0,0,0
Bryce Harper*,harpebr03,25,WSN,NL,159,695,550,103,137,34,0,34,100,13,3,130,169,0.249,0.393,0.496,0.889,133,273,7,6,0,9,16,7,220,75,6,4,11538462
Josh Harrison,harrijo05,30,PIT,NL,97,374,344,41,86,13,1,8,37,3,0,18,68,0.25,0.293,0.363,0.656,80,125,8,5,2,5,1,8,185,68,2,0,2000000
Ryon Healy,healyry01,26,SEA,AL,133,524,493,51,116,15,0,24,73,0,0,27,113,0.235,0.277,0.412,0.688,91,203,21,2,0,2,0,3,225,77,0,0,579800
Adeiny Hechavarria,hechaad01,29,TOT/TBR/PIT/NYY,MLB/AL/NL,94,321,296,34,73,11,0,6,31,2,0,16,58,0.247,0.279,0.345,0.624,72,102,7,0,2,7,2,7,195,72,0,0,100000
Michael Hermosillo,hermomi01,23,LAA,AL,31,62,57,7,12,4,0,1,1,0,1,3,17,0.211,0.274,0.333,0.608,67,19,0,2,0,0,0,1,205,72,0,0,556500
Cesar Hernandez#,hernace02,28,PHI,NL,161,708,605,91,153,15,3,15,60,19,6,95,155,0.253,0.356,0.362,0.718,94,219,12,4,1,3,4,6,160,70,0,0,7750000
Dilson Herrera,herredi01,24,CIN,NL,53,97,87,11,16,5,0,5,11,0,0,8,39,0.184,0.268,0.414,0.682,80,36,0,2,0,0,0,5,210,70,0,0,0
Chris Herrmann*,herrmch01,30,SEA,AL,36,87,76,6,18,4,2,2,7,0,0,10,24,0.237,0.322,0.421,0.743,107,32,0,0,0,1,0,7,200,72,0,0,0
Jason Heyward*,heywaja01,28,CHC,NL,127,489,440,67,119,23,4,8,57,1,1,42,60,0.27,0.335,0.395,0.731,94,174,7,2,2,2,1,9,240,77,1,5,20000000
Aaron Hicks#,hicksaa01,28,NYY,AL,137,581,480,90,119,18,3,27,79,11,2,90,111,0.248,0.366,0.467,0.833,127,224,1,3,2,6,1,6,202,73,0,0,6285714
Matt Holliday,hollima01,38,COL,NL,25,65,53,3,15,2,0,2,3,0,0,12,18,0.283,0.415,0.434,0.849,116,23,0,0,0,0,0,15,240,76,7,6,0
Brock Holt*,holtbr01,30,BOS,AL,109,367,321,41,89,18,2,7,46,7,7,37,73,0.277,0.362,0.411,0.774,109,132,7,7,0,2,2,7,180,68,1,0,3575000
Rhys Hoskins,hoskirh01,25,PHI,NL,153,660,558,89,137,38,0,34,96,5,3,87,150,0.246,0.354,0.496,0.85,125,277,7,9,0,5,2,2,225,76,0,0,575000
Joe Hudson,hudsojo03,27,LAA,AL,8,12,12,0,2,1,0,0,1,0,0,0,0,0.167,0.167,0.25,0.417,13,3,0,0,0,0,0,1,210,72,0,0,0
Nick Hundley,hundlni01,34,SFG,NL,96,305,282,34,68,13,2,10,31,2,1,22,85,0.241,0.298,0.408,0.706,95,115,8,1,0,0,2,11,203,72,0,0,1250000
Chris Iannetta,iannech01,35,COL,NL,110,360,299,36,67,13,1,11,36,0,0,50,87,0.224,0.345,0.385,0.73,85,115,13,7,1,3,5,13,230,72,0,0,4150000
Jose Iglesias,iglesjo01,28,DET,AL,125,464,432,43,116,31,3,5,48,15,6,19,47,0.269,0.31,0.389,0.699,88,168,11,8,3,2,0,8,194,71,1,0,2500000
Sherman Johnson*,johnssh01,27,LAA,AL,10,11,10,0,0,0,0,0,0,0,0,0,4,0,0.091,0,0.091,-71,0,0,1,0,0,0,1,190,70,0,0,0
Adam Jones,jonesad01,32,BAL,AL,145,613,580,54,163,35,0,15,63,7,1,24,93,0.281,0.313,0.419,0.732,101,243,21,5,0,4,1,13,215,74,5,5,3000000
Ryder Jones*,jonesry01,24,SFG,NL,5,8,8,2,3,0,0,2,3,0,0,0,5,0.375,0.375,1.125,1.5,297,9,0,0,0,0,0,2,221,74,0,0,0
Corban Joseph*,josepco01,29,BAL,AL,14,19,18,1,4,1,0,0,3,0,0,1,5,0.222,0.263,0.278,0.541,50,5,0,0,0,0,0,6,185,72,0,0,0
Matthew Joyce*,joycema01,33,OAK,AL,83,246,207,34,43,9,0,7,15,0,2,35,53,0.208,0.322,0.353,0.675,88,73,3,1,1,2,2,11,200,74,1,0,1250000
Kevin Kaczmarski*,kaczmke01,26,NYM,NL,4,5,4,0,0,0,0,0,0,0,1,1,1,0,0.2,0,0.2,-37,0,0,0,0,0,0,1,192,72,0,0,0
Ty Kelly#,kellyty01,29,NYM,NL,9,12,11,1,1,0,0,0,0,0,0,1,2,0.091,0.167,0.091,0.258,-25,1,1,0,0,0,0,3,180,72,0,0,0
Tony Kemp*,kempto01,26,HOU,AL,97,295,255,37,67,15,0,6,30,9,3,32,44,0.263,0.351,0.392,0.743,105,100,7,3,3,1,1,3,165,66,0,0,583600
Howie Kendrick,kendrho01,34,WSN,NL,40,160,152,17,46,14,0,4,12,1,1,5,29,0.303,0.331,0.474,0.805,110,72,6,2,0,1,1,13,220,71,1,0,4000000
Spencer Kieboom,kiebosp01,27,WSN,NL,52,143,125,16,29,5,0,2,13,0,0,16,28,0.232,0.322,0.32,0.642,71,40,2,1,0,1,0,3,210,72,0,0,0
Isiah Kiner-Falefa,kineris01,23,TEX,AL,111,396,356,43,93,18,2,4,34,7,5,28,62,0.261,0.325,0.357,0.682,80,127,14,6,5,1,1,1,176,70,0,0,569500
Ian Kinsler,kinslia01,36,TOT/LAA/BOS,AL,128,534,487,66,117,26,0,14,48,16,7,40,64,0.24,0.301,0.38,0.681,86,185,15,4,0,3,0,13,200,72,4,1,0
Patrick Kivlehan,kivlepa01,28,ARI,NL,9,14,13,3,3,0,2,0,0,0,0,0,6,0.231,0.286,0.538,0.824,112,7,0,1,0,0,0,3,223,74,0,0,0
Kevin Kramer*,krameke01,24,PIT,NL,21,40,37,5,5,0,0,0,4,0,0,2,20,0.135,0.175,0.135,0.31,-13,5,0,0,0,1,0,1,200,72,0,0,0
Ryan LaMarre,lamarry01,29,CHW,AL,33,71,66,8,20,6,0,2,10,1,1,2,20,0.303,0.324,0.485,0.809,120,32,0,1,0,2,0,4,210,73,0,0,0
Ryan Lavarnway,lavarry01,30,PIT,NL,6,6,6,1,4,1,0,0,1,0,0,0,1,0.667,0.667,0.833,1.5,311,5,0,0,0,0,0,8,240,76,0,0,0
Braxton Lee*,leebr01,24,MIA,NL,8,18,17,0,3,0,0,0,2,0,0,1,8,0.176,0.222,0.176,0.399,13,3,0,0,0,0,0,1,185,70,0,0,0
DJ LeMahieu,lemahdj01,29,COL,NL,128,581,533,90,147,32,2,15,62,6,5,37,82,0.276,0.321,0.428,0.749,88,228,14,2,2,7,0,8,215,76,2,2,12000000
Tzu-Wei Lin*,lintz02,24,BOS,AL,37,73,65,15,16,6,1,1,6,0,1,8,17,0.246,0.329,0.415,0.744,100,27,0,0,0,0,0,2,179,70,0,0,0
Tim Locastro,locasti01,25,LAD,NL,18,14,11,6,2,1,0,0,0,4,0,2,5,0.182,0.357,0.273,0.63,76,3,0,1,0,0,0,2,200,73,0,0,0
Evan Longoria,longoev01,32,SFG,NL,125,512,480,51,117,25,4,16,54,3,1,22,101,0.244,0.281,0.413,0.694,91,198,11,5,0,5,3,11,215,73,3,5,14666667
Brandon Lowe*,lowebr01,23,TBR,AL,43,148,129,16,30,6,2,6,25,2,1,16,38,0.233,0.324,0.45,0.774,112,58,3,2,0,1,0,1,185,70,0,0,1000000
Jed Lowrie#,lowrije01,34,OAK,AL,157,680,596,78,159,37,1,23,99,0,0,78,128,0.267,0.353,0.448,0.801,121,267,8,3,0,3,1,11,180,72,1,0,10000000
Jordan Luplow,luplojo01,24,PIT,NL,37,103,92,16,17,1,3,3,7,2,2,10,18,0.185,0.272,0.359,0.631,72,33,7,1,0,0,0,2,195,73,0,0,564500
Dixon Machado,machadi01,26,DET,AL,67,233,214,20,44,13,1,1,21,1,1,14,41,0.206,0.263,0.29,0.553,50,62,2,3,1,1,1,4,190,73,0,0,0
Manny Machado,machama01,25,TOT/BAL/LAD,MLB/AL/NL,162,709,632,84,188,35,3,37,107,14,2,70,104,0.297,0.367,0.538,0.905,145,340,26,2,0,5,18,7,215,75,4,2,12000000
Mikie Mahtook,mahtomi01,28,DET,AL,67,250,223,24,45,4,2,9,29,4,1,21,66,0.202,0.276,0.359,0.635,71,80,3,3,0,3,1,4,216,73,0,0,574500
Luke Maile,mailelu01,27,TOR,AL,68,231,202,22,50,13,1,3,27,2,0,25,67,0.248,0.333,0.366,0.7,94,74,4,2,0,2,0,4,225,75,0,0,0
Martin Maldonado,maldoma01,31,TOT/LAA/HOU,AL,119,404,373,39,84,18,1,9,44,0,1,16,98,0.225,0.276,0.351,0.627,72,131,8,11,2,2,0,8,230,72,0,1,0
Trey Mancini,mancitr01,26,BAL,AL,156,636,582,69,141,23,3,24,58,0,1,44,153,0.242,0.299,0.416,0.715,95,242,17,5,0,5,1,3,215,76,0,0,575500
Manuel Margot,margoma01,23,SDP,NL,141,519,477,50,117,26,8,8,51,11,10,32,88,0.245,0.292,0.384,0.675,87,183,9,2,1,7,4,3,180,71,0,0,577100
Mike Marjama,marjami01,28,SEA,AL,10,29,27,1,3,3,0,0,0,0,1,2,6,0.111,0.172,0.222,0.395,10,6,2,0,0,0,0,2,205,74,0,0,0
Nick Markakis*,markani01,34,ATL,NL,162,705,623,78,185,43,2,14,93,1,1,72,80,0.297,0.366,0.44,0.806,116,274,18,1,0,9,10,13,210,73,1,2,4000000
Deven Marrero,marrede01,27,ARI,NL,49,85,78,11,13,1,1,0,7,3,0,6,23,0.167,0.224,0.205,0.429,15,16,5,0,0,1,0,4,190,72,0,0,0
Jefry Marte,marteje01,27,LAA,AL,90,209,194,28,42,7,1,7,22,1,1,13,41,0.216,0.273,0.371,0.644,76,72,6,2,0,0,0,4,220,73,0,0,0
Ketel Marte#,marteke01,24,ARI,NL,153,580,520,68,135,26,12,14,59,6,1,54,79,0.26,0.332,0.437,0.768,102,227,12,3,1,2,3,4,165,73,0,0,2400000
Starling Marte,martest01,29,PIT,NL,145,606,559,81,155,32,5,20,72,33,14,35,109,0.277,0.327,0.46,0.787,114,257,11,8,1,3,2,7,190,73,1,3,10333334
Leonys Martin*,martile01,30,TOT/DET/CLE,AL,84,353,318,48,81,15,3,11,33,7,4,30,77,0.255,0.323,0.425,0.747,101,135,2,3,0,2,1,8,200,74,0,0,3000000
Russell Martin,martiru01,35,TOR,AL,90,352,289,37,56,8,0,10,25,0,3,56,82,0.194,0.338,0.325,0.663,86,94,7,7,0,0,0,13,215,70,4,3,0
J.D. Martinez,martijd02,30,BOS,AL,150,649,569,111,188,37,2,43,130,6,1,69,146,0.33,0.402,0.629,1.031,173,358,19,4,0,7,11,8,220,75,2,1,23750000
Jose Martinez,martijo08,29,STL,NL,152,590,534,64,163,30,0,17,83,0,3,49,104,0.305,0.364,0.457,0.821,124,244,15,2,2,3,0,3,215,78,0,0,1125000
Nick Martini*,martini02,28,OAK,AL,55,179,152,26,45,9,3,1,19,0,0,21,36,0.296,0.397,0.414,0.811,127,63,0,5,0,1,1,1,205,71,0,0,557500
Joe Mauer*,mauerjo01,35,MIN,AL,127,543,486,64,137,27,1,6,48,0,1,51,86,0.282,0.351,0.379,0.729,100,184,9,2,1,3,5,15,225,77,6,10,0
Bruce Maxwell*,maxwebr01,27,OAK,AL,18,58,55,5,10,4,0,1,6,0,0,2,13,0.182,0.207,0.309,0.516,41,17,3,0,0,1,0,3,250,73,0,0,0
Cameron Maybin,maybica01,31,TOT/MIA/SEA,MLB/NL/AL,129,384,342,32,85,14,2,4,28,10,5,38,75,0.249,0.326,0.336,0.662,86,115,7,2,0,2,1,12,215,75,0,0,0
Nomar Mazara*,mazarno01,23,TEX,AL,128,536,489,61,126,25,1,20,77,1,0,40,116,0.258,0.317,0.436,0.753,96,213,13,4,0,3,2,3,215,76,0,0,3300000
Brian McCann*,mccanbr01,34,HOU,AL,63,216,189,22,40,3,0,7,23,0,1,19,40,0.212,0.301,0.339,0.64,76,64,7,6,0,2,0,14,225,75,7,8,2000000
James McCann,mccanja02,28,DET,AL,118,457,427,31,94,16,0,8,39,0,3,26,116,0.22,0.267,0.314,0.581,57,134,9,2,0,2,0,5,225,75,0,0,2500000
Andrew McCutchen,mccutan01,31,TOT/SFG,MLB/NL,155,682,569,83,145,30,3,20,65,14,9,95,145,0.255,0.368,0.424,0.792,120,241,12,11,0,7,1,10,195,71,5,7,10000000
Billy McKinney*,mckinbi01,23,TOR,AL,36,128,115,14,29,7,0,6,13,1,0,11,32,0.252,0.32,0.47,0.79,115,54,0,1,0,1,0,1,205,73,0,0,559400
Francisco Mejia#,mejiafr01,22,SDP,NL,20,58,54,6,10,2,0,3,8,0,0,3,19,0.185,0.241,0.389,0.63,72,21,2,1,0,0,0,2,180,70,0,0,556300
Jordy Mercer,mercejo03,31,PIT,NL,117,436,394,43,99,29,2,6,39,2,0,32,87,0.251,0.315,0.381,0.696,91,150,12,6,1,3,9,7,210,75,0,0,5250000
Brad Miller*,millebr02,28,MIL,NL,27,80,74,5,17,3,1,2,8,0,0,6,31,0.23,0.288,0.378,0.666,77,28,2,0,0,0,1,6,215,74,0,0,0
Yadier Molina,molinya01,35,STL,NL,123,503,459,55,120,20,0,20,74,4,3,29,66,0.261,0.314,0.436,0.75,103,200,15,9,0,6,0,15,205,71,9,9,20000000
Adalberto Mondesi#,mondera02,22,KCR,AL,75,291,275,47,76,13,3,14,37,32,7,11,77,0.276,0.306,0.498,0.804,115,137,2,1,3,1,0,3,190,73,0,0,576000
Adam Moore,mooread01,34,TBR,AL,8,20,18,2,4,1,0,1,2,0,0,1,7,0.222,0.263,0.444,0.708,92,8,0,0,1,0,0,10,220,75,0,0,0
Colin Moran*,moranco01,25,PIT,NL,144,465,415,49,115,19,1,11,58,0,2,39,82,0.277,0.34,0.407,0.747,105,169,6,4,0,7,4,3,205,76,0,0,579500
Max Moroff#,morofma01,25,PIT,NL,26,67,59,7,11,1,0,3,9,0,0,7,24,0.186,0.284,0.356,0.64,75,21,0,1,0,0,1,3,190,70,0,0,570500
Max Muncy*,muncyma01,27,LAD,NL,137,481,395,75,104,17,2,35,79,3,0,79,131,0.263,0.391,0.582,0.973,161,230,4,5,0,2,6,4,218,72,0,0,575000
Yairo Munoz,munozya01,23,STL,NL,108,329,293,39,81,16,0,8,42,5,6,30,71,0.276,0.35,0.413,0.763,109,121,3,4,0,2,7,1,201,73,0,0,562000
Daniel Murphy*,murphda08,33,TOT/WSN/CHC,NL,91,351,328,40,98,15,0,12,42,3,0,20,40,0.299,0.336,0.454,0.79,107,149,5,0,0,3,2,11,221,73,3,5,10000000
Tom Murphy,murphto04,27,COL,NL,37,96,93,5,21,7,1,2,11,0,1,3,44,0.226,0.25,0.387,0.637,58,36,2,0,0,0,1,4,218,73,0,0,0
Wil Myers,myerswi01,27,SDP,NL,83,343,312,39,79,25,1,11,39,13,1,30,94,0.253,0.318,0.446,0.763,110,139,10,0,0,1,1,6,205,75,1,1,5500000
Tyler Naquin*,naquity01,27,CLE,AL,61,183,174,22,46,7,0,3,23,1,1,6,42,0.264,0.295,0.356,0.651,76,62,1,2,0,1,1,3,195,74,0,0,574800
Tomas Nido,nidoto01,24,NYM,NL,34,90,84,10,14,3,0,1,9,0,0,4,27,0.167,0.2,0.238,0.438,23,20,4,0,0,2,0,2,210,72,0,0,556300
Jacob Nottingham,nottija01,23,MIL,NL,9,24,20,2,4,1,0,0,0,0,0,4,8,0.2,0.333,0.25,0.583,61,5,0,0,0,0,0,1,230,74,0,0,0
Tyler O'Neill,oneilty01,23,STL,NL,61,142,130,29,33,5,0,9,23,2,0,7,57,0.254,0.303,0.5,0.803,115,65,0,3,0,2,0,1,210,71,0,0,564000
Rougned Odor*,odorro01,24,TEX,AL,129,535,474,76,120,23,2,18,63,12,12,43,127,0.253,0.326,0.424,0.751,96,201,5,11,2,5,2,5,195,71,0,0,7833333
Nate Orf,orfna01,28,MIL,NL,15,25,21,4,2,0,0,1,1,1,0,3,8,0.095,0.24,0.238,0.478,29,5,1,1,0,0,0,1,180,69,0,0,0
Jose Osuna,osunajo01,25,PIT,NL,51,111,106,14,24,9,0,3,11,0,0,3,22,0.226,0.252,0.396,0.648,75,42,2,1,0,1,0,2,240,74,0,0,0
Chris Owings,owingch01,26,ARI,NL,106,309,281,34,58,15,0,4,22,11,4,24,75,0.206,0.272,0.302,0.574,53,85,4,2,0,2,4,6,185,70,0,0,3000000
Daniel Palka*,palkada01,26,CHW,AL,124,449,417,56,100,15,3,27,67,2,1,30,153,0.24,0.294,0.484,0.778,110,202,7,2,0,0,3,1,220,74,0,0,567000
Joe Panik*,panikjo01,27,SFG,NL,102,392,358,38,91,14,1,4,24,4,2,26,30,0.254,0.307,0.332,0.639,79,119,10,3,1,4,3,5,200,73,1,1,3800000
Steve Pearce,pearcst01,35,BOS,AL,50,165,136,19,38,8,1,7,26,0,0,22,27,0.279,0.394,0.507,0.901,141,69,1,5,0,2,0,12,200,71,0,0,6250000
Joc Pederson*,pederjo01,26,LAD,NL,148,443,395,65,98,27,3,25,56,1,5,40,85,0.248,0.321,0.522,0.843,125,206,6,4,1,3,3,5,220,73,1,0,5000000
Dustin Pedroia,pedrodu01,34,BOS,AL,3,13,11,1,1,0,0,0,0,0,0,2,1,0.091,0.231,0.091,0.322,-7,1,0,0,0,0,0,13,175,69,4,7,15000000
Francisco Pena,penafr01,28,STL,NL,58,142,133,10,27,3,0,2,8,1,0,6,43,0.203,0.239,0.271,0.51,40,36,5,1,0,2,3,5,230,74,0,0,0
Hunter Pence,pencehu01,35,SFG,NL,97,248,235,19,53,11,1,4,24,5,1,11,59,0.226,0.258,0.332,0.59,64,78,1,0,0,2,1,12,230,76,3,0,100000
David Peralta*,peralda01,30,ARI,NL,146,614,560,75,164,25,5,30,87,4,0,48,124,0.293,0.352,0.516,0.868,127,289,14,4,0,2,4,5,210,73,0,0,7000000
Michael Perez*,perezmi03,25,TBR,AL,24,80,74,9,21,5,0,1,11,0,0,3,19,0.284,0.304,0.392,0.696,92,29,0,0,1,2,0,1,195,70,0,0,0
Roberto Perez,perezro02,29,CLE,AL,62,210,179,16,30,9,1,2,19,1,0,21,70,0.168,0.256,0.263,0.519,42,47,6,1,7,2,0,5,220,71,0,0,2625000
Gregorio Petit,petitgr01,33,MIN,AL,26,67,61,7,15,2,0,0,3,3,1,6,14,0.246,0.313,0.279,0.592,65,17,0,0,0,0,0,11,200,70,0,0,0
Tommy Pham,phamth01,30,TOT/STL/TBR,MLB/NL/AL,137,570,494,102,136,18,6,21,63,15,7,67,140,0.275,0.367,0.464,0.83,127,229,18,6,0,3,2,5,215,73,0,0,4100000
Brett Phillips*,phillbr02,24,KCR,AL,36,123,112,13,21,4,2,2,7,1,1,9,50,0.188,0.252,0.313,0.565,54,35,1,1,0,1,0,2,185,72,0,0,0
Kevin Pillar,pillake01,29,TOR,AL,142,542,512,65,129,40,2,15,59,14,3,18,98,0.252,0.282,0.426,0.708,92,218,8,6,0,6,0,6,210,72,0,0,0
Manny Pina,pinama01,31,MIL,NL,98,337,306,39,77,13,2,9,28,2,0,21,62,0.252,0.307,0.395,0.702,87,121,13,5,1,4,3,8,215,72,0,0,0
Chad Pinder,pindech01,26,OAK,AL,110,333,298,43,77,12,1,13,27,0,2,27,88,0.258,0.332,0.436,0.769,112,130,4,6,2,0,1,3,207,74,0,0,565000
Jose Pirela,pireljo01,28,SDP,NL,146,473,438,54,109,23,2,5,32,6,3,30,89,0.249,0.3,0.345,0.645,80,151,10,3,0,2,1,5,220,72,0,0,575100
Stephen Piscotty,piscost01,27,OAK,AL,151,605,546,78,146,41,0,27,88,2,0,42,114,0.267,0.331,0.491,0.821,124,268,21,12,0,5,0,4,205,76,0,0,7333333
Kevin Plawecki,plaweke01,27,NYM,NL,79,277,238,33,50,13,2,7,30,0,1,28,65,0.21,0.315,0.37,0.685,92,88,12,9,1,1,2,4,220,74,0,0,0
Trevor Plouffe,plouftr01,32,PHI,NL,7,12,12,1,3,0,0,1,3,0,0,0,6,0.25,0.25,0.5,0.75,95,6,0,0,0,0,0,9,215,74,0,0,0
Gregory Polanco*,polangr01,26,PIT,NL,130,535,461,75,117,32,6,23,81,12,2,61,117,0.254,0.34,0.499,0.839,128,230,11,3,0,7,5,5,235,77,0,0,6100000
Jorge Polanco#,polanjo01,24,MIN,AL,77,333,302,38,87,18,3,6,42,7,7,25,62,0.288,0.345,0.427,0.773,110,129,5,2,3,1,0,5,200,71,0,0,3583333
Dalton Pompey#,pompeda01,25,TOR,AL,5,11,10,0,2,0,0,0,0,0,0,1,6,0.2,0.273,0.2,0.473,35,2,0,0,0,0,0,5,200,74,0,0,0
Buster Posey,poseybu01,31,SFG,NL,105,448,398,47,113,22,1,5,41,3,2,45,53,0.284,0.359,0.382,0.741,108,152,12,3,0,2,3,10,210,73,6,11,22177778
Boog Powell*,powelbo02,25,OAK,AL,7,25,24,3,4,1,1,0,0,1,1,1,6,0.167,0.2,0.292,0.492,34,7,1,0,0,0,0,2,185,70,0,0,0
Martin Prado,pradoma01,34,MIA,NL,54,209,197,16,48,9,0,1,18,1,1,11,35,0.244,0.287,0.305,0.592,65,60,5,1,0,0,0,13,215,72,1,0,15000000
Jurickson Profar#,profaju01,25,TEX,AL,146,594,524,82,133,35,6,20,77,10,0,54,88,0.254,0.335,0.458,0.793,107,240,9,12,0,4,1,7,190,72,0,0,3600000
Yasiel Puig,puigya01,27,LAD,NL,125,444,405,60,108,21,1,23,63,15,5,36,87,0.267,0.327,0.494,0.82,120,200,15,1,0,2,2,6,240,74,1,0,9700000
Albert Pujols,pujolal01,38,LAA,AL,117,498,465,50,114,20,0,19,64,1,0,28,65,0.245,0.289,0.411,0.7,91,191,12,2,0,3,3,18,235,75,10,23,28000000
Hanley Ramirez,ramirha01,34,BOS,AL,44,195,177,25,45,7,0,6,29,4,1,14,35,0.254,0.313,0.395,0.708,90,70,9,2,0,2,0,14,235,74,3,4,100000
Jose Ramirez#,ramirjo01,25,CLE,AL,157,698,578,110,156,38,4,39,105,34,6,106,80,0.27,0.387,0.552,0.939,151,319,2,8,0,6,15,6,190,69,2,1,4150000
Wilson Ramos,ramoswi01,30,TOT/TBR/PHI,MLB/AL/NL,111,416,382,39,117,22,1,15,70,0,0,32,80,0.306,0.358,0.487,0.845,130,186,20,0,0,2,2,9,245,73,2,1,7250000
Colby Rasmus*,rasmuco01,31,BAL,AL,18,49,45,5,6,1,0,1,1,0,0,3,19,0.133,0.204,0.222,0.426,18,10,0,1,0,0,0,10,195,74,0,0,0
J.T. Realmuto,realmjt01,27,MIA,NL,125,531,477,74,132,30,3,21,74,3,2,38,104,0.277,0.34,0.484,0.825,126,231,9,10,0,4,0,5,210,73,1,0,5900000
Tony Renda,rendato01,27,BOS,AL,1,0,0,1,0,0,0,0,0,0,0,0,0,,,,,,0,0,0,0,0,0,3,179,68,0,0,0
Pablo Reyes,reyespa01,24,PIT,NL,18,63,58,9,17,2,0,3,7,0,1,5,11,0.293,0.349,0.483,0.832,126,28,2,0,0,0,0,1,175,68,0,0,565500
Joey Rickard,rickajo01,27,BAL,AL,79,230,213,27,52,10,1,8,23,4,2,15,55,0.244,0.3,0.413,0.713,95,88,3,2,0,0,0,3,185,73,0,0,570000
JT Riddle*,riddljt01,26,MIA,NL,102,332,308,28,71,10,4,9,36,0,3,20,67,0.231,0.277,0.377,0.653,80,116,4,0,3,1,1,2,180,73,0,0,560000
Rene Rivera,riverre01,34,TOT/LAA,MLB/AL,33,91,86,8,20,4,0,4,11,0,0,4,35,0.233,0.275,0.419,0.693,88,36,3,1,0,0,0,15,215,70,0,0,100000
Ronny Rodriguez,rodriro03,26,DET,AL,62,206,191,17,42,7,0,5,20,2,0,10,42,0.22,0.256,0.335,0.591,59,64,7,0,3,2,0,1,200,72,0,0,0
Sean Rodriguez,rodrise01,33,PIT,NL,66,173,150,21,25,5,1,5,19,1,0,22,60,0.167,0.277,0.313,0.591,63,47,1,1,0,0,1,11,200,72,0,0,0
Miguel Rojas,rojasmi02,29,MIA,NL,153,528,488,44,123,13,0,11,53,6,3,24,69,0.252,0.297,0.346,0.643,79,169,23,9,2,4,2,5,195,71,0,0,3155000
Jose Rondon,rondojo02,24,CHW,AL,42,107,100,15,23,6,0,6,14,2,1,7,30,0.23,0.28,0.47,0.75,102,47,3,0,0,0,0,3,195,73,0,0,560000
Adam Rosales,rosalad01,35,CLE,AL,13,21,19,4,4,1,0,1,2,0,0,1,5,0.211,0.25,0.421,0.671,77,8,0,0,1,0,0,11,200,74,0,0,0
Amed Rosario,rosaram01,22,NYM,NL,154,592,554,76,142,26,8,9,51,24,11,29,119,0.256,0.295,0.381,0.676,88,211,9,3,3,3,4,2,189,74,0,0,575500
Rio Ruiz*,ruizri01,24,ATL,NL,14,15,12,1,1,0,0,0,0,0,0,2,5,0.083,0.267,0.083,0.35,1,1,0,1,0,0,0,3,210,73,0,0,558500
Tyler Saladino,saladty01,28,MIL,NL,52,130,118,11,29,3,0,5,16,2,2,9,38,0.246,0.302,0.398,0.701,86,47,3,1,1,1,0,4,200,72,0,0,887500
Adrian Sanchez,sanchad01,27,WSN,NL,28,59,58,8,16,2,1,0,3,0,0,1,8,0.276,0.288,0.345,0.633,67,20,0,0,0,0,0,2,216,72,0,0,0
Gary Sanchez,sanchga02,25,NYY,AL,89,374,323,51,60,17,0,18,53,1,0,46,94,0.186,0.291,0.406,0.697,89,131,10,3,0,2,0,4,230,74,1,2,669800
Yolmer Sanchez#,sanchca01,26,CHW,AL,155,662,600,62,145,34,10,8,55,14,6,49,138,0.242,0.306,0.372,0.678,87,223,9,8,2,3,0,5,185,71,0,0,4625000
Miguel Sano,sanomi01,25,MIN,AL,71,299,266,32,53,14,0,13,41,0,0,31,115,0.199,0.281,0.398,0.679,83,106,7,0,0,2,0,4,272,76,1,0,2650000
Danny Santana#,santada01,27,ATL,NL,15,32,28,4,5,3,0,0,2,1,1,3,11,0.179,0.281,0.286,0.567,54,8,0,1,0,0,0,5,185,71,0,0,0
Domingo Santana,santado01,25,MIL,NL,85,235,211,21,56,14,1,5,20,1,1,20,77,0.265,0.328,0.412,0.74,97,87,3,1,0,3,1,5,220,77,0,0,1950000
Luis Sardinas#,sardilu01,25,BAL,AL,8,20,18,2,2,0,0,1,1,0,0,2,5,0.111,0.2,0.278,0.478,31,5,1,0,0,0,0,5,180,73,0,0,0
Ryan Schimpf*,schimry01,30,LAA,AL,5,7,5,2,1,0,0,1,2,0,0,2,3,0.2,0.429,0.8,1.229,229,4,0,0,0,0,0,3,180,69,0,0,0
Jonathan Schoop,schoojo01,26,TOT/BAL/MIL,MLB/AL/NL,131,501,473,61,110,22,1,21,61,1,1,19,115,0.233,0.266,0.416,0.682,84,197,11,4,1,4,2,6,225,73,1,0,7500000
Kyle Schwarber*,schwaky01,25,CHC,NL,137,510,428,64,102,14,3,26,61,4,3,78,140,0.238,0.356,0.467,0.823,117,200,6,1,1,2,20,4,235,72,0,0,3390000
Corey Seager*,seageco01,24,LAD,NL,26,115,101,13,27,5,1,2,13,0,0,11,17,0.267,0.348,0.396,0.744,103,40,2,2,0,1,1,4,215,76,2,5,4000000
Kyle Seager*,seageky01,30,SEA,AL,155,630,583,62,129,36,1,22,78,2,2,38,138,0.221,0.273,0.4,0.673,86,233,10,5,0,4,3,8,210,72,1,1,19500000
Jean Segura,segurje01,28,SEA,AL,144,632,586,91,178,29,3,10,63,20,11,32,69,0.304,0.341,0.415,0.755,112,243,17,4,4,6,2,7,205,70,2,0,14850000
Chris Shaw*,shawch01,24,SFG,NL,22,62,54,2,10,2,0,1,7,1,0,7,23,0.185,0.274,0.278,0.552,55,15,0,0,0,1,0,1,226,75,0,0,0
Travis Shaw*,shawtr01,28,MIL,NL,152,587,498,73,120,23,0,32,86,5,2,78,108,0.241,0.345,0.48,0.825,119,239,7,4,1,6,6,4,230,76,0,0,4675000
Moises Sierra,sierrmo01,29,WSN,NL,27,60,54,4,9,2,0,0,4,1,1,2,20,0.167,0.217,0.204,0.42,12,11,2,2,0,2,0,7,233,73,0,0,0
Andrelton Simmons,simmoan01,28,LAA,AL,146,600,554,68,162,26,5,11,75,10,2,35,44,0.292,0.337,0.417,0.754,108,231,17,5,1,5,2,7,195,74,0,3,13000000
Mallex Smith*,smithma05,25,TBR,AL,141,544,480,65,142,27,10,2,40,40,12,47,98,0.296,0.367,0.406,0.773,115,195,11,8,7,2,0,3,180,70,0,0,578400
Brandon Snyder,snydebr03,31,TBR,AL,2,6,6,0,1,1,0,0,0,0,0,0,2,0.167,0.167,0.333,0.5,34,2,0,0,0,0,0,9,225,74,0,0,0
Eric Sogard*,sogarer01,32,MIL,NL,55,113,97,7,13,3,0,0,2,3,0,12,23,0.134,0.241,0.165,0.406,12,16,3,2,1,1,1,9,185,70,0,0,100000
Yangervis Solarte#,solarya01,30,TOR,AL,122,506,468,50,106,20,0,17,54,1,3,31,72,0.226,0.277,0.378,0.655,79,177,21,3,1,3,1,5,205,71,0,0,100000
Juan Soto*,sotoju01,19,WSN,NL,116,494,414,77,121,25,1,22,70,5,2,79,99,0.292,0.406,0.517,0.923,142,214,9,0,1,0,10,1,185,73,0,0,578300
Denard Span*,spande01,34,SEA,AL,94,328,294,36,80,15,6,7,30,3,2,23,55,0.272,0.329,0.435,0.765,113,128,5,5,0,6,0,11,210,72,0,0,0
Jacob Stallings,stallja01,28,PIT,NL,14,41,37,2,8,0,0,0,5,0,0,3,9,0.216,0.268,0.216,0.485,36,8,2,0,0,1,0,3,76,77,0,0,0
Giancarlo Stanton,stantmi03,28,NYY,AL,158,705,617,102,164,34,1,38,100,5,0,70,211,0.266,0.343,0.509,0.852,130,314,17,8,0,10,5,9,245,78,4,6,26000000
Andrew Stevenson*,stevean01,24,WSN,NL,57,86,75,9,19,2,0,1,13,1,1,6,23,0.253,0.306,0.32,0.626,66,24,0,1,1,3,0,2,192,72,0,0,559100
Chris Stewart,stewach01,36,TOT/ATL,NL,8,17,15,3,3,0,0,0,3,0,0,1,1,0.2,0.235,0.2,0.435,19,3,2,0,0,1,0,13,215,76,0,0,0
DJ Stewart*,stewadj01,24,BAL,AL,17,47,40,8,10,3,0,3,10,2,1,4,12,0.25,0.34,0.55,0.89,141,22,0,2,0,1,0,1,230,72,0,0,0
Myles Straw,strawmy01,23,HOU,AL,9,10,9,4,3,0,0,1,1,2,0,1,0,0.333,0.4,0.667,1.067,187,6,0,0,0,0,0,1,180,70,0,0,0
Andrew Susac,susacan01,28,BAL,AL,9,26,26,1,3,1,0,0,0,0,0,0,12,0.115,0.115,0.154,0.269,-26,4,0,0,0,0,0,5,215,73,0,0,0
Ichiro Suzuki*,suzukic01,44,SEA,AL,15,47,44,5,9,0,0,0,0,0,0,3,7,0.205,0.255,0.205,0.46,33,9,0,0,0,0,0,18,175,71,10,19,100000
Kurt Suzuki,suzukku01,34,ATL,NL,105,388,347,45,94,24,0,12,50,0,0,22,43,0.271,0.332,0.444,0.776,107,154,6,13,0,6,0,12,210,71,1,0,4000000
Darnell Sweeney#,sweenda02,27,TOR,AL,2,4,2,0,0,0,0,0,0,0,0,2,0,0,0.5,0,0.5,58,0,0,0,0,0,0,4,205,73,0,0,0
Blake Swihart#,swihabl01,26,BOS,AL,82,207,192,28,44,10,0,3,18,6,1,15,57,0.229,0.285,0.328,0.613,65,63,4,0,0,0,0,4,200,73,0,0,910000
Raimel Tapia*,tapiara01,24,COL,NL,25,27,25,6,5,2,1,1,6,0,0,2,7,0.2,0.259,0.48,0.739,82,12,0,0,0,0,0,3,185,75,0,0,560000
Beau Taylor*,taylobe11,28,OAK,AL,7,6,5,0,1,1,0,0,0,0,0,1,2,0.2,0.333,0.4,0.733,103,2,0,0,0,0,0,1,179,70,0,0,0
Chris Taylor,tayloch03,27,LAD,NL,155,604,536,85,136,35,8,17,63,9,6,55,178,0.254,0.331,0.444,0.775,110,238,5,9,0,4,0,5,196,73,0,1,3500000
Michael A. Taylor,taylomi02,27,WSN,NL,134,385,353,46,80,22,3,6,28,24,6,29,116,0.227,0.287,0.357,0.644,69,126,9,1,2,0,2,5,212,76,0,0,0
Rowdy Tellez*,tellero01,23,TOR,AL,23,73,70,10,22,9,0,4,14,0,0,2,21,0.314,0.329,0.614,0.943,153,43,0,0,0,1,0,1,255,76,0,0,557500
Andrew Toles*,tolesan01,26,LAD,NL,17,32,30,5,7,2,0,0,4,1,0,2,8,0.233,0.281,0.3,0.581,59,9,1,0,0,0,1,3,192,69,0,0,0
Kelby Tomlinson,tomlike01,28,SFG,NL,63,152,140,9,29,4,2,0,10,0,2,9,35,0.207,0.265,0.264,0.529,49,37,3,2,1,0,0,4,175,74,0,0,0
Ramon Torres#,torrera01,25,KCR,AL,9,29,28,4,5,1,0,0,1,0,0,1,3,0.179,0.207,0.214,0.421,16,6,1,0,0,0,0,2,190,71,0,0,0
Blake Trahan,trahabl01,24,CIN,NL,11,14,14,2,3,0,0,0,0,0,0,0,4,0.214,0.214,0.214,0.429,16,3,0,0,0,0,0,1,180,69,0,0,0
Jose Trevino,trevijo01,25,TEX,AL,3,8,8,0,2,0,0,0,3,0,0,0,1,0.25,0.25,0.25,0.5,33,2,1,0,0,0,0,1,211,71,0,0,0
Mike Trout,troutmi01,26,LAA,AL,140,608,471,101,147,24,4,39,79,24,2,122,124,0.312,0.46,0.628,1.088,198,296,5,10,0,4,25,8,235,74,7,13,36833333
Kyle Tucker*,tuckeky01,21,HOU,AL,28,72,64,10,9,2,1,0,4,1,1,6,13,0.141,0.236,0.203,0.439,23,13,1,2,0,0,0,1,190,76,0,0,0
Preston Tucker*,tuckepr01,27,TOT/ATL/CIN,NL,97,184,166,19,38,11,0,6,27,0,0,13,43,0.229,0.299,0.404,0.703,87,67,2,4,0,1,0,4,210,72,0,0,0
Justin Turner,turneju01,33,LAD,NL,103,426,365,62,114,31,1,14,52,2,1,47,54,0.312,0.406,0.518,0.924,151,189,10,12,0,2,3,10,202,71,1,1,19000000
Trea Turner,turnetr01,25,WSN,NL,162,740,664,103,180,27,6,19,73,43,9,69,132,0.271,0.344,0.416,0.76,100,276,7,5,2,0,3,4,185,74,0,0,3725000
Gio Urshela,urshegi01,26,TOR,AL,19,46,43,7,10,1,0,1,3,0,0,2,10,0.233,0.283,0.326,0.608,68,14,1,1,0,0,0,4,220,72,0,0,0
Chase Utley*,utleych01,39,LAD,NL,87,187,164,18,35,10,1,1,14,3,1,17,34,0.213,0.305,0.305,0.61,68,50,3,5,0,1,2,16,195,73,6,6,0
Pat Valaika,valaipa01,25,COL,NL,68,133,122,8,19,5,0,2,5,0,0,9,30,0.156,0.214,0.246,0.46,16,30,4,0,2,0,0,3,208,71,0,0,0
Ildemaro Vargas#,vargail01,26,ARI,NL,14,20,19,2,4,0,0,1,4,1,0,1,4,0.211,0.25,0.368,0.618,61,7,1,0,0,0,0,2,170,72,0,0,557000
Engelb Vielma#,vielmen01,24,BAL,AL,6,8,7,1,1,0,0,0,0,0,0,1,4,0.143,0.25,0.143,0.393,14,1,0,0,0,0,0,1,155,71,0,0,0
Christian Villanueva,villach01,27,SDP,NL,110,384,351,42,83,15,0,20,46,3,0,23,104,0.236,0.299,0.45,0.75,106,158,12,9,0,1,0,2,210,71,0,0,0
Jonathan Villar#,villajo01,27,TOT/MIL,MLB/NL,141,515,466,54,121,14,1,14,46,35,5,41,138,0.26,0.325,0.384,0.709,93,179,13,5,1,2,0,6,215,73,0,0,4825000
Luke Voit,voitlu01,27,NYY,AL,39,148,132,28,44,5,0,14,33,0,0,15,39,0.333,0.405,0.689,1.095,193,91,3,1,0,0,0,2,225,75,0,0,573200
Joey Votto*,vottojo01,34,CIN,NL,145,623,503,67,143,28,2,12,67,2,0,108,101,0.284,0.417,0.419,0.837,126,211,15,9,0,3,6,12,220,74,6,4,25000000
Christian Walker,walkech02,27,ARI,NL,37,53,49,6,8,2,0,3,6,1,0,3,22,0.163,0.226,0.388,0.614,59,19,1,1,0,0,0,5,220,72,0,0,559800
Neil Walker#,walkene01,32,NYY,AL,113,398,347,48,76,12,1,11,46,0,0,42,87,0.219,0.309,0.354,0.664,82,123,3,5,0,4,3,10,210,75,0,1,2000000
Tyler White,whitety01,27,HOU,AL,66,237,210,27,58,12,3,12,42,0,1,24,49,0.276,0.354,0.533,0.888,140,112,1,2,0,1,0,3,225,71,0,0,0
Mason Williams*,willima10,26,CIN,NL,51,132,123,10,36,5,1,2,6,1,2,7,29,0.293,0.331,0.398,0.729,95,49,5,0,2,0,1,4,179,70,0,0,0
Bobby Wilson,wilsobo02,35,MIN,AL,47,151,135,12,24,8,0,2,16,0,0,12,37,0.178,0.242,0.281,0.523,43,38,6,0,2,2,0,11,230,72,0,0,0
Patrick Wisdom,wisdopa01,26,STL,NL,32,58,50,11,13,1,0,4,10,2,1,6,19,0.26,0.362,0.52,0.882,138,26,1,2,0,0,0,1,220,74,0,0,0
Tony Wolters*,wolteto01,26,COL,NL,74,216,182,19,31,4,4,3,27,2,0,26,33,0.17,0.292,0.286,0.577,48,52,6,6,0,2,2,3,197,70,0,0,0
Kolten Wong*,wongko01,27,STL,NL,127,407,353,41,88,18,2,9,38,6,5,31,60,0.249,0.332,0.388,0.72,97,137,6,14,6,3,3,6,185,69,0,0,0
Austin Wynns,wynnsau01,27,BAL,AL,42,118,110,16,28,2,0,4,11,0,0,5,25,0.255,0.287,0.382,0.669,83,42,7,0,3,0,0,1,205,74,0,0,0
Christian Yelich*,yelicch01,26,MIL,NL,147,651,574,118,187,34,7,36,110,22,4,68,135,0.326,0.402,0.598,1,164,343,14,7,0,2,2,6,195,75,1,3,0
Mark Zagunis,zagunma01,25,CHC,NL,5,6,5,0,2,1,0,0,1,0,0,1,1,0.4,0.5,0.6,1.1,192,3,0,0,0,0,0,2,215,72,0,0,0
Bradley Zimmer*,zimmebr01,25,CLE,AL,34,114,106,14,24,5,0,2,9,4,1,7,44,0.226,0.281,0.33,0.611,65,35,1,1,0,0,0,2,220,77,0,0,0
Ryan Zimmerman,zimmery01,33,WSN,NL,85,323,288,33,76,21,2,13,51,1,1,30,55,0.264,0.337,0.486,0.824,114,140,10,3,0,2,1,14,215,75,2,5,0
Ben Zobrist#,zobribe01,37,CHC,NL,139,520,455,67,139,28,3,9,58,3,4,55,60,0.305,0.378,0.44,0.817,117,200,8,2,1,7,1,13,210,75,3,1,0
