Name,Age,Tm,Lg,G,PA,AB,R,H,2B,3B,HR,RBI,SB,CS,BB,SO,BA,OBP,SLG,OPS,OPS+,TB,GDP,HBP,SH,SF,IBB,Pos Summary,Salary
Jose Abreu\abreujo02,29.0,CHW,AL,159,695,624,67,183,32,1,25,100,0,2,47,125,0.293,0.353,0.46799999999999997,0.82,124.0,292,21,15,0,9,7,*3/D,13334000
Dustin Ackley*\ackledu01,28.0,NYY,AL,28,70,61,6,9,0,0,0,4,0,0,8,9,0.14800000000000002,0.243,0.14800000000000002,0.39,9.0,9,0,0,0,1,0,3/9D4,3200000
Cristhian Adames#\adamecr01,24.0,COL,NL,121,256,225,25,49,7,3,2,17,2,3,24,47,0.218,0.304,0.302,0.607,53.0,68,5,4,3,0,0,645,509500
Matt Adams*\adamsma01,27.0,STL,NL,118,327,297,37,74,18,0,16,54,0,1,25,81,0.249,0.309,0.47100000000000003,0.78,106.0,140,5,2,0,3,1,3,1650000
Ehire Adrianza#\adriaeh01,26.0,SFG,NL,40,71,63,3,16,2,0,2,7,0,1,2,13,0.254,0.299,0.381,0.679,83.0,24,0,2,4,0,0,6/45,512500
Jesus Aguilar\aguilje01,26.0,CLE,AL,9,6,6,0,0,0,0,0,0,0,0,0,1,0.0,0.0,0.0,0.0,-100.0,0,0,0,0,0,0,/3D,0
Nick Ahmed\ahmedni01,26.0,ARI,NL,90,308,284,26,62,9,1,4,20,5,2,15,58,0.218,0.265,0.299,0.564,46.0,85,9,4,2,3,3,6,521600
Hanser Alberto\alberha01,23.0,TEX,AL,35,58,56,2,8,1,0,0,5,1,0,0,17,0.14300000000000002,0.14300000000000002,0.161,0.304,-20.0,9,1,0,2,0,0,5/64D3,511500
Arismendy Alcantara#\alcanar01,24.0,OAK,AL,16,19,19,2,4,1,0,0,2,3,3,0,8,0.21100000000000002,0.21100000000000002,0.263,0.474,30.0,5,1,0,0,0,0,/84D69,0
Jorge Alfaro\alfarjo01,23.0,PHI,NL,6,17,16,0,2,0,0,0,0,0,0,1,8,0.125,0.17600000000000002,0.125,0.301,-17.0,2,0,0,0,0,1,/2,0
Abraham Almonte#\almonab01,27.0,CLE,AL,67,194,182,24,48,20,1,1,22,8,0,8,42,0.264,0.294,0.401,0.695,79.0,73,5,1,0,3,1,97/8,0
Albert Almora\almoral01,22.0,CHC,NL,47,117,112,14,31,9,1,3,14,0,0,5,20,0.27699999999999997,0.308,0.455,0.763,99.0,51,5,0,0,0,0,8/79,0
Yonder Alonso*\alonsyo01,29.0,OAK,AL,156,532,482,52,122,34,0,7,56,3,1,45,74,0.253,0.316,0.36700000000000005,0.6829999999999999,88.0,177,15,1,0,4,1,*3/5D,2650000
Aaron Altherr\altheaa01,25.0,PHI,NL,57,227,198,23,39,6,0,4,22,7,2,23,69,0.19699999999999998,0.3,0.28800000000000003,0.5870000000000001,59.0,57,4,6,0,0,2,978,515500
Jose Altuve\altuvjo01,26.0,HOU,AL,161,717,640,108,216,42,5,24,96,30,10,60,70,0.33799999999999997,0.396,0.531,0.9279999999999999,155.0,340,15,7,3,7,11,*4D/6,3500000
Dariel Alvarez\alvarda02,27.0,BAL,AL,2,4,3,0,1,1,0,0,0,0,0,1,0,0.33299999999999996,0.5,0.667,1.167,210.0,2,0,0,0,0,0,/9,0
Pedro Alvarez*\alvarpe01,29.0,BAL,AL,109,376,337,43,84,20,0,22,49,1,0,37,97,0.249,0.322,0.504,0.826,117.0,170,6,0,0,2,1,D5,5750000
Tim Anderson\anderti01,23.0,CHW,AL,99,431,410,57,116,22,6,9,30,10,2,13,117,0.28300000000000003,0.306,0.43200000000000005,0.738,100.0,177,15,1,6,1,0,6,0
Robert Andino\andinro01,32.0,MIA,NL,13,24,24,2,7,0,0,0,1,0,0,0,4,0.292,0.292,0.292,0.583,62.0,7,0,0,0,0,0,/4756,0
Elvis Andrus\andruel01,27.0,TEX,AL,147,568,506,75,153,31,7,8,69,24,8,47,70,0.302,0.36200000000000004,0.439,0.8,110.0,222,18,4,4,7,2,*6,15000000
Nori Aoki*\aokino01,34.0,SEA,AL,118,467,417,63,118,24,4,4,28,7,9,34,45,0.28300000000000003,0.349,0.38799999999999996,0.738,104.0,162,9,9,5,1,0,*78,5500000
Orlando Arcia\arciaor01,21.0,MIL,NL,55,216,201,21,44,10,3,4,17,8,0,15,47,0.21899999999999997,0.273,0.358,0.631,66.0,72,6,0,0,0,0,6,0
Oswaldo Arcia*\arciaos01,25.0,TOT,MLB,69,222,202,17,41,7,1,8,23,1,1,18,80,0.203,0.27,0.366,0.637,72.0,74,1,1,0,1,0,97/D,535000
Oswaldo Arcia*\arciaos01,25.0,TOT,AL,53,175,157,15,36,6,1,6,19,1,1,16,65,0.22899999999999998,0.303,0.395,0.698,89.0,62,1,1,0,1,0,97/D,535000
Oswaldo Arcia*\arciaos01,25.0,TOT,NL,16,47,45,2,5,1,0,2,4,0,0,2,15,0.111,0.149,0.267,0.41600000000000004,10.0,12,0,0,0,0,0,9,535000
Oswaldo Arcia*\arciaos01,25.0,MIN,AL,32,114,103,8,22,4,0,4,12,0,0,10,46,0.214,0.289,0.369,0.6579999999999999,77.0,38,1,1,0,0,0,79/D,535000
Oswaldo Arcia*\arciaos01,25.0,TBR,AL,21,61,54,7,14,2,1,2,7,1,1,6,19,0.259,0.32799999999999996,0.444,0.772,111.0,24,0,0,0,1,0,9/D7,535000
Oswaldo Arcia*\arciaos01,25.0,MIA,NL,2,2,2,0,0,0,0,0,0,0,0,0,1,0.0,0.0,0.0,0.0,-100.0,0,0,0,0,0,0,,535000
Oswaldo Arcia*\arciaos01,25.0,SDP,NL,14,45,43,2,5,1,0,2,4,0,0,2,14,0.11599999999999999,0.156,0.27899999999999997,0.435,15.0,12,0,0,0,0,0,9,535000
Nolan Arenado\arenano01,25.0,COL,NL,160,696,618,116,182,35,6,41,133,2,3,68,103,0.294,0.36200000000000004,0.57,0.932,129.0,352,17,2,0,8,10,*5,5000000
Cody Asche*\ascheco01,26.0,PHI,NL,71,218,197,22,42,15,0,4,18,3,1,18,54,0.213,0.284,0.35,0.635,69.0,69,1,2,0,1,0,7,530000
Carlos Asuaje*\asuajca01,24.0,SDP,NL,7,25,24,2,5,2,0,0,2,0,0,1,4,0.20800000000000002,0.24,0.292,0.532,44.0,7,0,0,0,0,0,/4,0
Tyler Austin\austity01,24.0,NYY,AL,31,90,83,7,20,3,0,5,12,1,0,7,36,0.24100000000000002,0.3,0.45799999999999996,0.758,99.0,38,1,0,0,0,0,3/97D,0
Alex Avila*\avilaal01,29.0,CHW,AL,57,209,169,19,36,6,0,7,11,0,0,38,78,0.213,0.359,0.373,0.732,103.0,63,3,1,0,1,0,2/D,2500000
Mike Aviles\avilemi01,35.0,DET,AL,68,181,167,17,35,5,1,1,6,2,2,9,27,0.21,0.258,0.26899999999999996,0.528,44.0,45,5,2,3,0,0,94/5768D,0
Erick Aybar#\aybarer01,32.0,TOT,MLB,126,459,415,34,101,19,2,3,34,3,5,31,70,0.243,0.303,0.32,0.623,69.0,133,15,6,3,4,6,65/4,0
Erick Aybar#\aybarer01,32.0,ATL,NL,97,368,335,27,81,14,2,2,26,3,5,20,59,0.242,0.293,0.313,0.607,64.0,105,14,6,3,4,5,6/4,0
Erick Aybar#\aybarer01,32.0,DET,AL,29,91,80,7,20,5,0,1,8,0,0,11,11,0.25,0.341,0.35,0.691,88.0,28,1,0,0,0,1,56/4,0
Javier Baez\baezja01,23.0,CHC,NL,142,450,421,50,115,19,1,14,59,12,3,15,108,0.273,0.314,0.423,0.737,94.0,178,8,11,1,2,3,546/37,521000
Jett Bandy\bandyje01,26.0,LAA,AL,70,231,209,23,49,9,0,8,25,1,0,11,38,0.23399999999999999,0.281,0.392,0.6729999999999999,84.0,82,5,4,3,4,0,2/D,0
Austin Barnes\barneau01,26.0,LAD,NL,21,37,32,3,5,1,0,0,2,0,0,5,9,0.156,0.27,0.188,0.45799999999999996,28.0,6,0,0,0,0,0,/245,512500
Brandon Barnes\barnebr02,30.0,COL,NL,48,109,100,10,22,6,2,0,8,1,2,3,30,0.22,0.25,0.32,0.57,42.0,32,0,1,5,0,0,78/9,1000000
Tucker Barnhart#\barnhtu01,25.0,CIN,NL,115,420,377,34,97,23,1,7,51,1,0,36,72,0.257,0.32299999999999995,0.379,0.7020000000000001,86.0,143,12,2,2,3,8,2,517500
Jose Bautista\bautijo02,35.0,TOR,AL,116,517,423,68,99,24,1,22,69,2,2,87,103,0.23399999999999999,0.366,0.452,0.8170000000000001,118.0,191,21,3,0,4,1,9D/3,14000000
Gordon Beckham\beckhgo01,29.0,TOT,NL,88,279,245,25,52,16,1,5,31,1,0,26,52,0.212,0.294,0.34700000000000003,0.6409999999999999,72.0,85,12,4,0,4,1,456,1250000
Gordon Beckham\beckhgo01,29.0,ATL,NL,85,273,240,25,52,16,1,5,30,1,0,26,50,0.217,0.3,0.354,0.655,76.0,85,12,4,0,3,1,456,1250000
Gordon Beckham\beckhgo01,29.0,SFG,NL,3,6,5,0,0,0,0,0,1,0,0,0,2,0.0,0.0,0.0,0.0,-100.0,0,0,0,0,1,0,/5,1250000
Tim Beckham\beckhti01,26.0,TBR,AL,64,215,198,25,49,12,5,5,16,2,1,14,67,0.247,0.3,0.434,0.735,100.0,86,3,1,2,0,0,64/53D,514500
Josh Bell#\belljo02,23.0,PIT,NL,45,152,128,18,35,8,0,3,19,0,1,21,19,0.273,0.368,0.406,0.775,108.0,52,4,0,0,3,0,39,0
Brandon Belt*\beltbr01,28.0,SFG,NL,156,655,542,77,149,41,8,17,82,0,4,104,148,0.275,0.39399999999999996,0.474,0.868,135.0,257,7,5,0,4,4,*3/7,6200000
Carlos Beltran#\beltrca01,39.0,TOT,AL,151,593,552,73,163,33,0,29,93,1,0,35,101,0.295,0.337,0.513,0.85,122.0,283,19,2,0,4,4,D9,0
Carlos Beltran#\beltrca01,39.0,NYY,AL,99,387,359,50,109,21,0,22,64,0,0,22,70,0.304,0.344,0.546,0.89,133.0,196,13,2,0,4,3,9D,0
Carlos Beltran#\beltrca01,39.0,TEX,AL,52,206,193,23,54,12,0,7,29,1,0,13,31,0.28,0.325,0.451,0.7759999999999999,102.0,87,6,0,0,0,1,D/9,0
Adrian Beltre\beltrad01,37.0,TEX,AL,153,640,583,89,175,31,1,32,104,1,1,48,66,0.3,0.358,0.521,0.879,128.0,304,10,6,0,3,6,*5D,18000000
Andrew Benintendi*\beninan01,21.0,BOS,AL,34,118,105,16,31,11,1,2,14,1,0,10,25,0.295,0.359,0.47600000000000003,0.835,118.0,50,0,1,1,1,0,7/8,0
James Beresford*\beresja01,27.0,MIN,AL,10,24,22,0,5,1,0,0,0,0,0,1,6,0.22699999999999998,0.261,0.273,0.534,45.0,6,0,0,1,0,0,/354,0
Mookie Betts\bettsmo01,23.0,BOS,AL,158,730,672,122,214,42,5,31,113,26,4,49,80,0.318,0.363,0.534,0.897,133.0,359,12,2,0,7,1,*9,566000
Charlie Blackmon*\blackch02,29.0,COL,NL,143,641,578,111,187,35,5,29,82,17,9,43,102,0.324,0.381,0.552,0.9329999999999999,130.0,319,2,13,3,4,4,*8,3500000
Andres Blanco#\blancan01,32.0,PHI,NL,90,209,190,26,48,15,1,4,21,2,3,11,41,0.253,0.316,0.405,0.721,92.0,77,7,7,0,1,0,5436/7,1450000
Gregor Blanco*\blancgr01,32.0,SFG,NL,106,274,241,28,54,10,4,1,18,6,3,29,51,0.22399999999999998,0.309,0.311,0.62,70.0,75,5,1,1,1,4,978,3900000
Jabari Blash\blashja01,26.0,SDP,NL,38,84,71,7,12,2,0,3,5,1,0,11,34,0.16899999999999998,0.298,0.324,0.622,70.0,23,3,2,0,0,0,9/7,507500
Xander Bogaerts\bogaexa01,23.0,BOS,AL,157,719,652,115,192,34,1,21,89,13,4,58,123,0.294,0.35600000000000004,0.446,0.802,111.0,291,14,6,0,3,0,*6,650500
Emilio Bonifacio#\bonifem01,31.0,ATL,NL,24,43,38,6,8,0,0,0,3,1,0,3,12,0.21100000000000002,0.268,0.21100000000000002,0.479,32.0,8,0,0,2,0,0,7/8,0
Julio Borbon*\borboju01,30.0,BAL,AL,6,15,13,1,4,0,0,0,0,0,1,0,3,0.308,0.308,0.308,0.615,67.0,4,0,0,2,0,0,/87,0
Justin Bour*\bourju01,28.0,MIA,NL,90,321,280,35,74,12,1,15,51,0,0,38,56,0.264,0.349,0.475,0.8240000000000001,124.0,133,8,0,0,3,9,3/D,537500
Peter Bourjos\bourjpe01,29.0,PHI,NL,123,383,355,40,89,20,7,5,23,6,4,17,91,0.251,0.292,0.389,0.6809999999999999,81.0,138,6,4,6,1,2,*98,2000000
Michael Bourn*\bournmi01,33.0,TOT,MLB,113,413,375,48,99,13,6,5,38,15,5,28,92,0.264,0.314,0.371,0.684,78.0,139,3,0,8,2,0,*879,0
Michael Bourn*\bournmi01,33.0,ARI,NL,89,358,329,43,86,12,6,3,30,13,5,22,83,0.261,0.307,0.36200000000000004,0.669,73.0,119,3,0,6,1,0,8/79,0
Michael Bourn*\bournmi01,33.0,BAL,AL,24,55,46,5,13,1,0,2,8,2,0,6,9,0.28300000000000003,0.358,0.435,0.7929999999999999,112.0,20,0,0,2,1,0,79/8,0
Jackie Bradley Jr.*\bradlja02,26.0,BOS,AL,156,636,558,94,149,30,7,26,87,9,2,63,143,0.267,0.349,0.486,0.835,118.0,271,10,10,0,5,5,*8,546500
Michael Brantley*\brantmi02,29.0,CLE,AL,11,43,39,5,9,2,0,0,7,1,0,3,6,0.231,0.27899999999999997,0.282,0.561,48.0,11,1,0,0,1,1,7,7375000
Ryan Braun\braunry02,32.0,MIL,NL,135,564,511,80,156,23,3,30,91,16,5,46,98,0.305,0.365,0.5379999999999999,0.903,135.0,275,20,4,0,3,10,*7/D9,20000000
Alex Bregman\bregmal01,22.0,HOU,AL,49,217,201,31,53,13,3,8,34,2,0,15,52,0.264,0.313,0.478,0.7909999999999999,116.0,96,1,0,0,1,0,5/64D7,0
Bryce Brentz\brentbr01,27.0,BOS,AL,25,64,61,8,17,3,0,1,7,0,0,3,17,0.27899999999999997,0.313,0.377,0.69,82.0,23,1,0,0,0,0,7/D,0
Reid Brignac#\brignre01,30.0,ATL,NL,13,29,29,3,6,2,0,0,1,0,0,0,8,0.207,0.207,0.276,0.483,29.0,8,0,0,0,0,0,/54,0
Socrates Brito*\britoso01,23.0,ARI,NL,40,97,95,10,17,3,1,4,12,2,0,2,23,0.179,0.196,0.358,0.5539999999999999,39.0,34,3,0,0,0,0,89/7,508500
Trevor Brown\browntr01,24.0,SFG,NL,75,184,173,17,41,7,0,5,19,0,1,10,39,0.237,0.28300000000000003,0.364,0.647,74.0,63,2,1,0,0,0,2/D5,508000
Keon Broxton\broxtke01,26.0,MIL,NL,75,244,207,28,50,10,1,9,19,23,4,36,88,0.242,0.354,0.43,0.784,107.0,89,2,0,1,0,0,8,508500
Jay Bruce*\bruceja01,29.0,TOT,NL,147,589,539,74,135,27,6,33,99,4,2,44,126,0.25,0.309,0.506,0.815,113.0,273,14,3,0,3,7,*9/D8,0
Jay Bruce*\bruceja01,29.0,CIN,NL,97,402,370,60,98,22,6,25,80,4,2,27,83,0.265,0.316,0.5589999999999999,0.875,126.0,207,11,2,0,3,3,9/8D,0
Jay Bruce*\bruceja01,29.0,NYM,NL,50,187,169,14,37,5,0,8,19,0,0,17,43,0.21899999999999997,0.294,0.391,0.685,84.0,66,3,1,0,0,4,9/D,0
Kris Bryant\bryankr01,24.0,CHC,NL,155,699,603,121,176,35,3,39,102,8,5,75,154,0.292,0.385,0.5539999999999999,0.9390000000000001,146.0,334,3,18,0,3,5,579/38D6,652000
Andy Burns\burnsan01,25.0,TOR,AL,10,7,6,2,0,0,0,0,0,0,0,0,2,0.0,0.14300000000000002,0.0,0.14300000000000002,-56.0,0,0,1,0,0,0,/537,0
Billy Burns#\burnsbi02,26.0,TOT,AL,97,332,311,39,73,11,4,0,13,17,5,10,37,0.235,0.271,0.29600000000000004,0.5660000000000001,56.0,92,3,6,3,2,2,8/97D,0
Billy Burns#\burnsbi02,26.0,OAK,AL,73,292,274,32,64,11,4,0,12,14,3,10,30,0.23399999999999999,0.27,0.303,0.573,58.0,83,3,4,3,1,2,8/9,0
Billy Burns#\burnsbi02,26.0,KCR,AL,24,40,37,7,9,0,0,0,1,3,2,0,7,0.243,0.275,0.243,0.518,42.0,9,0,2,0,1,0,8/7D9,0
Emmanuel Burriss#\burriem01,31.0,PHI,NL,39,50,45,3,5,1,1,0,0,1,0,2,10,0.111,0.184,0.17800000000000002,0.361,-2.0,8,1,2,1,0,0,/4763D,925000
Nick Buss*\bussni01,29.0,LAA,AL,36,90,81,7,16,7,1,1,8,2,1,6,24,0.198,0.247,0.34600000000000003,0.593,62.0,28,4,0,1,2,0,7/98D,0
Billy Butler\butlebi03,30.0,TOT,AL,97,274,250,27,71,18,0,5,35,0,0,21,42,0.284,0.336,0.41600000000000004,0.752,105.0,104,13,0,0,3,1,D3,11667000
Billy Butler\butlebi03,30.0,OAK,AL,85,242,221,24,61,16,0,4,31,0,0,19,34,0.276,0.331,0.40299999999999997,0.733,101.0,89,13,0,0,2,1,D3,11667000
Billy Butler\butlebi03,30.0,NYY,AL,12,32,29,3,10,2,0,1,4,0,0,2,8,0.345,0.375,0.517,0.892,136.0,15,0,0,0,1,0,/D3,11667000
Byron Buxton\buxtoby01,22.0,MIN,AL,92,331,298,44,67,19,6,10,38,10,2,23,118,0.225,0.284,0.43,0.7140000000000001,90.0,128,2,3,4,3,0,8,512500
Marlon Byrd\byrdma01,38.0,CLE,AL,34,129,115,11,31,6,0,5,19,0,0,11,38,0.27,0.326,0.452,0.778,100.0,52,1,0,0,3,1,97/D,1000000
Asdrubal Cabrera#\cabreas01,30.0,NYM,NL,141,568,521,65,146,30,1,23,62,5,1,38,103,0.28,0.336,0.474,0.81,117.0,247,14,7,0,2,3,*6,8250000
Melky Cabrera#\cabreme01,31.0,CHW,AL,151,646,591,70,175,42,5,14,86,2,0,47,69,0.29600000000000004,0.345,0.455,0.8,118.0,269,17,0,3,5,2,*7/D,14000000
Miguel Cabrera\cabremi01,33.0,DET,AL,158,679,595,92,188,31,1,38,108,0,0,75,116,0.316,0.39299999999999996,0.563,0.956,155.0,335,26,4,0,5,15,*3/D5,28000000
Ramon Cabrera#\cabrera01,26.0,CIN,NL,61,185,171,11,42,10,0,3,23,1,1,8,30,0.24600000000000002,0.27899999999999997,0.35700000000000004,0.635,68.0,61,5,1,2,3,1,2,0
Lorenzo Cain\cainlo01,30.0,KCR,AL,103,434,397,56,114,19,1,9,56,14,5,31,84,0.287,0.33899999999999997,0.408,0.747,100.0,162,15,2,0,4,3,89,6500000
Kole Calhoun*\calhoko01,28.0,LAA,AL,157,672,594,91,161,35,5,18,75,2,3,67,118,0.271,0.348,0.43799999999999994,0.7859999999999999,116.0,260,10,6,0,5,0,*9/D,3400000
Eric Campbell\campber01,29.0,NYM,NL,40,88,75,9,13,1,0,1,9,1,0,10,24,0.17300000000000001,0.284,0.22699999999999998,0.511,42.0,17,2,2,0,1,1,3/574,513308
Jeimer Candelario#\candeje01,22.0,CHC,NL,5,14,11,0,1,0,0,0,0,0,0,2,5,0.091,0.28600000000000003,0.091,0.377,7.0,1,0,1,0,0,1,/5,0
Mark Canha\canhama01,27.0,OAK,AL,16,44,41,4,5,0,0,3,6,0,1,0,20,0.122,0.14,0.341,0.48100000000000004,26.0,14,1,1,1,1,0,/3579D,512500
Robinson Cano*\canoro01,33.0,SEA,AL,161,715,655,107,195,33,2,39,103,0,1,47,100,0.298,0.35,0.5329999999999999,0.882,138.0,349,18,8,0,5,8,*4/D,24000000
Stephen Cardullo\cardust01,28.0,COL,NL,27,59,56,5,12,3,1,2,6,0,0,3,12,0.214,0.254,0.41100000000000003,0.665,63.0,23,2,0,0,0,0,3/97,0
Matt Carpenter*\carpema01,30.0,STL,NL,129,566,473,81,128,36,6,21,68,0,4,81,108,0.271,0.38,0.505,0.885,136.0,239,4,5,3,4,6,534/D,6500000
Ezequiel Carrera*\carreez01,29.0,TOR,AL,110,310,270,47,67,9,1,6,23,7,4,27,70,0.248,0.32299999999999995,0.35600000000000004,0.679,83.0,96,8,4,7,2,0,97/8D,521800
Chris Carter\cartech02,29.0,MIL,NL,160,644,549,84,122,27,1,41,94,3,1,76,206,0.222,0.321,0.499,0.821,113.0,274,18,9,0,10,1,*3/D,2500000
Curt Casali\casalcu01,27.0,TBR,AL,84,256,226,23,42,10,0,8,25,0,0,25,82,0.18600000000000003,0.273,0.336,0.609,68.0,76,2,2,3,0,1,2/D,513600
Nicholas Castellanos\casteni01,24.0,DET,AL,110,447,411,54,117,25,4,18,58,1,1,28,111,0.285,0.331,0.496,0.8270000000000001,120.0,204,4,3,0,5,1,5/D,536500
Rusney Castillo\castiru02,28.0,BOS,AL,9,8,8,4,2,1,0,0,0,0,0,0,3,0.25,0.25,0.375,0.625,62.0,3,0,0,0,0,0,/D789,11271000
Welington Castillo\castiwe01,29.0,ARI,NL,113,457,416,41,110,24,0,14,68,2,0,33,121,0.264,0.322,0.423,0.745,91.0,176,5,4,0,4,3,2/D,3700000
Daniel Castro\castrda01,23.0,ATL,NL,47,139,130,8,26,1,0,0,7,1,1,7,24,0.2,0.24100000000000002,0.20800000000000002,0.449,23.0,27,4,0,2,0,1,64/5,0
Jason Castro*\castrja01,29.0,HOU,AL,113,376,329,41,69,16,3,11,32,2,1,45,123,0.21,0.307,0.377,0.684,89.0,124,9,1,1,0,0,*2/3,5000000
Starlin Castro\castrst01,26.0,NYY,AL,151,610,577,63,156,29,1,21,70,4,0,24,118,0.27,0.3,0.433,0.7340000000000001,93.0,250,15,3,1,5,1,*4/6,7857143
Gavin Cecchini\cecchga02,22.0,NYM,NL,4,7,6,2,2,2,0,0,2,0,0,0,2,0.33299999999999996,0.429,0.667,1.095,191.0,4,0,1,0,0,0,/6,0
Darrell Ceciliani*\cecilda01,26.0,TOR,AL,13,29,27,2,3,2,0,0,1,0,0,1,14,0.111,0.172,0.185,0.358,-4.0,5,0,1,0,0,0,/79,0
Juan Centeno*\centeju01,26.0,MIN,AL,55,192,176,16,46,12,1,3,25,0,0,12,38,0.261,0.312,0.392,0.7040000000000001,89.0,69,8,1,3,0,0,2/D,0
Francisco Cervelli\cervefr01,30.0,PIT,NL,101,393,326,42,86,14,1,1,33,6,2,56,72,0.264,0.377,0.322,0.6990000000000001,91.0,105,14,6,0,5,1,2/3D,3500000
Yoenis Cespedes\cespeyo01,30.0,NYM,NL,132,543,479,72,134,25,1,31,86,3,1,51,108,0.28,0.354,0.53,0.884,136.0,254,14,7,0,6,8,*78/D,27500000
Robinson Chirinos\chiriro01,32.0,TEX,AL,57,170,147,21,33,11,0,9,20,0,1,15,44,0.22399999999999998,0.314,0.483,0.797,105.0,71,4,5,1,2,0,2/D,1550000
Lonnie Chisenhall*\chiselo01,27.0,CLE,AL,126,418,385,43,110,25,5,8,57,6,0,23,70,0.28600000000000003,0.32799999999999996,0.439,0.767,98.0,169,4,3,3,4,2,*9/385,2725000
Ji-Man Choi*\choiji01,25.0,LAA,AL,54,129,112,9,19,4,0,5,12,2,4,16,27,0.17,0.271,0.33899999999999997,0.611,68.0,38,2,0,0,1,1,37/D,650000
Shin-Soo Choo*\choosh01,33.0,TEX,AL,48,210,178,27,43,7,0,7,17,6,3,25,46,0.242,0.35700000000000004,0.39899999999999997,0.7559999999999999,99.0,71,1,7,0,0,1,9/D,20000000
Steve Clevenger*\clevest01,30.0,SEA,AL,22,76,68,7,15,3,0,1,7,0,0,8,14,0.221,0.303,0.309,0.611,70.0,21,3,0,0,0,0,2/D,516500
Jason Coats\coatsja01,26.0,CHW,AL,28,58,50,8,10,4,0,1,4,1,0,5,12,0.2,0.298,0.34,0.638,76.0,17,1,2,1,0,0,9/7D,0
Chris Coghlan*\coghlch01,31.0,TOT,MLB,99,300,261,35,49,12,2,6,30,2,1,35,73,0.188,0.29,0.318,0.608,65.0,83,4,3,0,1,3,7459/3D,0
Chris Coghlan*\coghlch01,31.0,OAK,AL,51,172,158,14,23,5,0,5,14,1,1,13,47,0.146,0.215,0.272,0.48700000000000004,33.0,43,2,1,0,0,1,459/7D,0
Chris Coghlan*\coghlch01,31.0,CHC,NL,48,128,103,21,26,7,2,1,16,1,0,22,26,0.252,0.391,0.38799999999999996,0.779,109.0,40,2,2,0,1,2,7/395,0
Chris Colabello\colabch01,32.0,TOR,AL,10,32,29,0,2,0,0,0,1,0,0,2,9,0.069,0.156,0.069,0.225,-36.0,2,2,1,0,0,0,/37,521300
Tyler Collins*\collity01,26.0,DET,AL,56,151,136,14,32,2,3,4,15,1,1,13,38,0.235,0.305,0.382,0.687,85.0,52,1,1,0,1,0,87/9D,510500
Christian Colon\colonch01,27.0,KCR,AL,54,161,147,13,34,6,0,1,13,0,1,11,31,0.231,0.294,0.293,0.586,59.0,43,4,2,1,0,0,45/6D,518425
Michael Conforto*\confomi01,23.0,NYM,NL,109,348,304,38,67,21,1,12,42,2,1,36,89,0.22,0.31,0.414,0.725,95.0,126,6,5,0,3,2,7/98D,517246
Hank Conger#\congeha01,28.0,TBR,AL,49,137,124,6,24,5,0,3,10,0,0,12,40,0.19399999999999998,0.265,0.306,0.5710000000000001,58.0,38,4,0,1,0,0,2,1500000
Willson Contreras\contrwi01,24.0,CHC,NL,76,283,252,33,71,14,1,12,35,2,2,26,67,0.282,0.35700000000000004,0.488,0.845,122.0,123,7,4,0,1,0,27/3,0
Carlos Correa\correca01,21.0,HOU,AL,153,660,577,76,158,36,3,20,96,13,3,75,139,0.27399999999999997,0.361,0.451,0.8109999999999999,124.0,260,12,5,0,3,5,*6,516700
Kaleb Cowart#\cowarka01,24.0,LAA,AL,31,87,85,8,15,4,0,1,8,0,0,0,23,0.17600000000000002,0.184,0.259,0.44299999999999995,21.0,22,1,1,0,1,0,54/3,0
Collin Cowgill\cowgico01,30.0,CLE,AL,9,14,12,0,1,0,0,0,0,0,0,2,7,0.083,0.214,0.083,0.298,-17.0,1,1,0,0,0,0,/9,1000000
Zack Cozart\cozarza01,30.0,CIN,NL,121,508,464,67,117,28,2,16,50,4,1,37,84,0.252,0.308,0.425,0.732,92.0,197,9,2,1,4,3,*6/D,2925000
Brandon Crawford*\crawfbr01,29.0,SFG,NL,155,623,553,67,152,28,11,12,84,7,0,57,115,0.275,0.342,0.43,0.772,108.0,238,13,4,0,9,10,*6,6000000
Carl Crawford*\crawfca02,34.0,LAD,NL,30,87,81,8,15,2,1,0,6,0,1,4,11,0.185,0.23,0.235,0.46399999999999997,26.0,19,3,1,0,1,0,7/D,0
Coco Crisp#\crispco01,36.0,TOT,AL,122,498,446,54,103,27,4,13,55,10,5,46,78,0.231,0.302,0.397,0.698,89.0,177,7,0,4,2,2,78D,0
Coco Crisp#\crispco01,36.0,OAK,AL,102,434,393,45,92,24,4,11,47,7,5,37,65,0.23399999999999999,0.299,0.39899999999999997,0.698,90.0,157,6,0,2,2,2,78D,0
Coco Crisp#\crispco01,36.0,CLE,AL,20,64,53,9,11,3,0,2,8,3,0,9,13,0.20800000000000002,0.32299999999999995,0.377,0.7,83.0,20,1,0,2,0,0,7/D,0
C.J. Cron\croncj01,26.0,LAA,AL,116,445,407,51,113,25,2,16,69,2,3,24,75,0.278,0.325,0.467,0.792,116.0,190,9,7,0,5,1,3D,525000
Nelson Cruz\cruzne02,35.0,SEA,AL,155,667,589,96,169,27,1,43,105,2,0,62,159,0.287,0.36,0.555,0.915,147.0,327,15,9,0,7,5,D9,14250000
Tony Cruz\cruzto03,29.0,KCR,AL,4,5,4,0,0,0,0,0,1,0,0,0,3,0.0,0.0,0.0,0.0,-100.0,0,0,0,0,1,0,/2,975000
Charlie Culberson\culbech01,27.0,LAD,NL,34,68,67,6,20,3,0,1,7,1,0,1,13,0.299,0.309,0.38799999999999996,0.6970000000000001,87.0,26,2,0,0,0,0,64/57,535000
Todd Cunningham#\cunnito01,27.0,LAA,AL,20,29,27,5,4,3,0,0,1,0,1,1,6,0.14800000000000002,0.179,0.259,0.43799999999999994,19.0,7,1,0,1,0,0,7/8D9,509000
Cheslor Cuthbert\cuthbch01,23.0,KCR,AL,128,510,475,49,130,28,1,12,46,2,0,32,96,0.27399999999999997,0.318,0.413,0.731,95.0,196,14,0,1,2,0,*5,0
Chase d'Arnaud\darnach01,29.0,ATL,NL,84,262,233,24,57,14,2,1,21,9,3,23,50,0.245,0.317,0.335,0.652,76.0,78,5,3,0,3,1,654/789,0
Travis d'Arnaud\darnatr01,27.0,NYM,NL,75,276,251,27,62,7,0,4,15,0,0,19,50,0.247,0.307,0.32299999999999995,0.629,72.0,81,7,3,2,1,1,2,542604
David Dahl*\dahlda01,22.0,COL,NL,63,237,222,42,70,12,4,7,24,5,0,15,59,0.315,0.359,0.5,0.8590000000000001,113.0,111,3,0,0,0,0,7/89,0
Matt Davidson\davidma02,25.0,CHW,AL,1,2,2,1,1,0,0,0,1,0,0,0,1,0.5,0.5,0.5,1.0,178.0,1,0,0,0,0,0,/D,0
Chris Davis*\davisch02,30.0,BAL,AL,157,665,566,99,125,21,0,38,84,1,0,88,219,0.221,0.332,0.45899999999999996,0.792,110.0,260,6,8,0,3,3,*3/9D,23000000
Ike Davis*\davisik02,29.0,NYY,AL,8,15,14,2,3,0,0,0,1,0,0,1,5,0.214,0.267,0.214,0.48100000000000004,32.0,3,1,0,0,0,0,/3,0
Khris Davis\daviskh01,28.0,OAK,AL,150,610,555,85,137,24,2,42,102,1,2,42,166,0.247,0.307,0.524,0.831,123.0,291,19,8,0,5,0,7D,524500
Rajai Davis\davisra01,35.0,CLE,AL,134,495,454,74,113,23,2,12,48,43,6,33,106,0.249,0.306,0.38799999999999996,0.693,80.0,176,9,5,1,2,0,*87/D9,5250000
Alejandro De Aza*\deazaal01,32.0,NYM,NL,130,267,234,31,48,9,0,6,25,4,3,26,67,0.205,0.297,0.321,0.618,68.0,75,5,5,1,1,1,879,5750000
Ivan De Jesus\dejesiv02,29.0,CIN,NL,104,243,221,21,56,10,0,1,20,3,1,17,51,0.253,0.311,0.312,0.623,67.0,69,6,2,2,1,1,6453/7,517000
Jaff Decker*\deckeja01,26.0,TBR,AL,19,57,52,1,8,1,0,0,1,1,0,4,14,0.154,0.21100000000000002,0.17300000000000001,0.384,9.0,9,1,0,0,1,0,9/78D,0
Matt den Dekker*\dendema01,28.0,WSN,NL,19,39,34,3,6,1,0,1,4,1,0,4,10,0.17600000000000002,0.282,0.294,0.5760000000000001,53.0,10,0,1,0,0,0,/897,0
Daniel Descalso*\descada01,29.0,COL,NL,99,289,250,38,66,12,2,8,38,3,0,34,56,0.264,0.349,0.424,0.773,93.0,106,2,1,0,4,3,634/75D,2100000
Delino DeShields\deshide02,23.0,TEX,AL,74,203,182,36,38,7,0,4,13,8,3,15,54,0.209,0.275,0.313,0.588,55.0,57,1,2,3,1,0,87/D,517130
Ian Desmond\desmoia01,30.0,TEX,AL,156,677,625,107,178,29,3,22,86,21,6,44,160,0.285,0.335,0.446,0.782,104.0,279,11,5,0,3,2,*87,8000000
Aledmys Diaz\diazal02,25.0,STL,NL,111,460,404,71,121,28,3,17,65,4,4,41,60,0.3,0.369,0.51,0.879,134.0,206,10,7,2,6,6,6/4,2500000
Elias Diaz\diazel01,25.0,PIT,NL,1,4,4,0,0,0,0,0,1,0,0,0,1,0.0,0.0,0.0,0.0,-100.0,0,0,0,0,0,0,/2,510000
Alex Dickerson*\dickeal01,26.0,SDP,NL,84,285,253,39,65,16,2,10,37,5,1,26,44,0.257,0.33299999999999996,0.455,0.7879999999999999,112.0,115,5,4,0,2,2,7/D,0
Corey Dickerson*\dickeco01,27.0,TBR,AL,148,548,510,57,125,36,3,24,70,0,2,33,134,0.245,0.293,0.469,0.7609999999999999,106.0,239,12,2,0,2,6,7D/9,522900
Derek Dietrich*\dietrde01,26.0,MIA,NL,128,412,351,39,98,20,5,7,42,1,0,32,84,0.27899999999999997,0.374,0.425,0.7979999999999999,120.0,149,6,24,0,5,2,435/7,522500
Wilmer Difo#\difowi01,24.0,WSN,NL,31,66,58,14,16,3,0,1,7,3,0,8,12,0.276,0.364,0.379,0.743,97.0,22,0,0,0,0,1,/465,0
Matt Dominguez\dominma01,26.0,TOR,AL,5,12,11,0,0,0,0,0,0,0,0,1,3,0.0,0.083,0.0,0.083,-74.0,0,0,0,0,0,0,/53,0
Josh Donaldson\donaljo02,30.0,TOR,AL,155,700,577,122,164,32,5,37,99,7,1,109,119,0.284,0.40399999999999997,0.5489999999999999,0.953,153.0,317,16,9,2,3,6,*5D,11650000
Brian Dozier\doziebr01,29.0,MIN,AL,155,691,615,104,165,35,5,42,99,18,2,61,138,0.268,0.34,0.546,0.8859999999999999,134.0,336,12,8,2,5,6,*4/D,3000000
Hunter Dozier\doziehu01,24.0,KCR,AL,8,21,19,4,4,1,0,0,1,0,0,2,8,0.21100000000000002,0.28600000000000003,0.263,0.5489999999999999,50.0,5,0,0,0,0,0,/9D,0
Stephen Drew*\drewst01,33.0,WSN,NL,70,165,143,24,38,11,1,8,21,0,1,16,31,0.266,0.33899999999999997,0.524,0.8640000000000001,123.0,75,3,2,0,4,0,456/D,3000000
Brandon Drury\drurybr01,23.0,ARI,NL,134,499,461,59,130,31,1,16,53,1,1,31,100,0.282,0.32899999999999996,0.45799999999999996,0.7859999999999999,101.0,211,14,3,0,4,2,7954/3,508900
Lucas Duda*\dudalu01,30.0,NYM,NL,47,172,153,20,35,7,0,7,23,0,0,15,36,0.22899999999999998,0.302,0.41200000000000003,0.7140000000000001,92.0,63,1,2,0,2,2,3,6725000
Matt Duffy\duffyma01,25.0,TOT,MLB,91,366,333,41,86,14,2,5,28,8,5,23,53,0.258,0.31,0.35700000000000004,0.6679999999999999,82.0,119,13,4,2,4,0,56/D,0
Matt Duffy\duffyma01,25.0,SFG,NL,70,286,257,32,65,11,2,4,21,8,4,20,40,0.253,0.313,0.358,0.6709999999999999,82.0,92,9,4,2,3,0,5,0
Matt Duffy\duffyma01,25.0,TBR,AL,21,80,76,9,21,3,0,1,7,0,1,3,13,0.276,0.3,0.355,0.655,81.0,27,4,0,0,1,0,6/5D,0
Matt Duffy\duffyma02,27.0,HOU,AL,3,3,3,0,0,0,0,0,0,0,0,0,2,0.0,0.0,0.0,0.0,-100.0,0,0,0,0,0,0,/5,510200
Adam Duvall\duvalad01,27.0,CIN,NL,150,608,552,85,133,31,6,33,103,6,5,41,164,0.24100000000000002,0.297,0.498,0.795,106.0,275,7,6,0,8,1,*7/935,510000
Jarrod Dyson*\dysonja01,31.0,KCR,AL,107,337,299,46,83,14,8,1,25,30,7,26,39,0.278,0.34,0.38799999999999996,0.728,96.0,116,4,3,8,1,2,897/D,1725000
Adam Eaton*\eatonad02,27.0,CHW,AL,157,706,619,91,176,29,9,14,59,14,5,63,115,0.284,0.36200000000000004,0.428,0.79,117.0,265,6,14,7,3,2,*98/D7,2750000
Brett Eibner\eibnebr01,27.0,TOT,AL,70,208,187,21,36,10,1,6,22,0,2,19,50,0.193,0.266,0.353,0.619,67.0,66,3,0,1,1,1,987/D,0
Brett Eibner\eibnebr01,27.0,KCR,AL,26,85,78,11,18,6,0,3,10,0,0,6,23,0.231,0.28600000000000003,0.423,0.7090000000000001,87.0,33,1,0,1,0,1,/79D,0
Brett Eibner\eibnebr01,27.0,OAK,AL,44,123,109,10,18,4,1,3,12,0,2,13,27,0.165,0.252,0.303,0.555,52.0,33,2,0,0,1,0,89/7D,0
A.J. Ellis\ellisaj01,35.0,TOT,NL,64,196,171,11,37,8,0,2,22,2,1,19,31,0.21600000000000003,0.301,0.298,0.599,63.0,51,5,2,3,1,2,2,0
A.J. Ellis\ellisaj01,35.0,LAD,NL,53,161,139,8,27,5,0,1,13,1,1,16,24,0.19399999999999998,0.285,0.252,0.537,47.0,35,5,2,3,1,2,2,0
A.J. Ellis\ellisaj01,35.0,PHI,NL,11,35,32,3,10,3,0,1,9,1,0,3,7,0.313,0.371,0.5,0.871,131.0,16,0,0,0,0,0,2,0
Jacoby Ellsbury*\ellsbja01,32.0,NYY,AL,148,626,551,71,145,24,5,9,56,20,8,54,84,0.263,0.33,0.374,0.703,88.0,206,11,2,4,3,1,*8,21142857
Jake Elmore\elmorja01,29.0,MIL,NL,59,99,78,7,17,2,0,0,4,2,3,17,17,0.218,0.371,0.244,0.615,68.0,19,1,2,2,0,1,7/5948,0
Edwin Encarnacion\encared01,33.0,TOR,AL,160,702,601,99,158,34,0,42,127,2,0,87,138,0.263,0.35700000000000004,0.529,0.8859999999999999,134.0,318,22,5,0,8,3,D3,10000000
Alcides Escobar\escobal02,29.0,KCR,AL,162,682,637,57,166,24,6,7,55,17,4,27,96,0.261,0.292,0.35,0.642,72.0,223,16,3,10,5,2,*6,5250000
Yunel Escobar\escobyu01,33.0,LAA,AL,132,567,517,68,157,28,1,5,39,0,3,40,67,0.304,0.355,0.391,0.745,107.0,202,21,3,3,4,0,*5,7000000
Danny Espinosa#\espinda01,29.0,WSN,NL,157,601,516,66,108,15,0,24,72,9,2,54,174,0.209,0.306,0.37799999999999995,0.684,79.0,195,4,20,7,4,12,*6,2875000
Andre Ethier*\ethiean01,34.0,LAD,NL,16,26,24,2,5,1,0,1,2,0,0,2,6,0.20800000000000002,0.26899999999999996,0.375,0.644,72.0,9,1,0,0,0,1,/7D,18000000
Taylor Featherston\feathta01,26.0,PHI,NL,19,28,26,2,3,1,0,0,1,2,0,2,11,0.115,0.179,0.154,0.332,-9.0,4,0,0,0,0,0,/4,0
Tim Federowicz\federti01,28.0,CHC,NL,17,33,31,3,6,2,0,0,3,0,0,1,12,0.19399999999999998,0.212,0.258,0.47,24.0,8,1,0,0,1,0,2,0
Prince Fielder*\fieldpr01,32.0,TEX,AL,89,370,326,29,69,16,0,8,44,0,0,32,63,0.212,0.292,0.33399999999999996,0.626,65.0,109,12,7,0,5,1,D/3,24000000
Cole Figueroa*\figueco01,29.0,PIT,NL,23,27,26,0,4,0,0,0,3,1,0,1,2,0.154,0.185,0.154,0.33899999999999997,-7.0,4,0,0,0,0,0,/456,0
Ramon Flores*\florera02,24.0,MIL,NL,104,289,249,18,51,8,0,2,19,3,0,31,58,0.205,0.294,0.261,0.555,49.0,65,11,2,3,4,3,987/3,508800
Wilmer Flores\florewi01,24.0,NYM,NL,103,335,307,38,82,14,0,16,49,1,1,23,48,0.267,0.319,0.469,0.7879999999999999,111.0,144,9,2,0,3,0,534/6,526014
Pedro Florimon#\floripe01,29.0,PIT,NL,18,25,24,4,5,1,1,0,4,0,1,1,12,0.20800000000000002,0.24,0.33299999999999996,0.573,52.0,8,0,0,0,0,0,/46,0
Tyler Flowers\flowety01,30.0,ATL,NL,83,325,281,27,76,18,0,8,41,0,0,29,91,0.27,0.35700000000000004,0.42,0.777,109.0,118,3,11,0,4,1,2,2000000
Logan Forsythe\forsylo01,29.0,TBR,AL,127,567,511,76,135,24,4,20,52,6,6,46,127,0.264,0.33299999999999996,0.444,0.778,113.0,227,8,8,0,2,0,*4/D,2250000
Dexter Fowler#\fowlede01,30.0,CHC,NL,125,551,456,84,126,25,7,13,48,13,4,79,124,0.276,0.39299999999999996,0.447,0.84,123.0,204,3,11,1,4,0,*8/D,8000000
Maikel Franco\francma02,23.0,PHI,NL,152,630,581,67,148,23,1,25,88,1,1,40,106,0.255,0.306,0.42700000000000005,0.733,94.0,248,13,5,0,4,7,*5,517500
Jeff Francoeur\francje02,32.0,TOT,NL,125,331,307,33,78,15,1,7,34,2,2,20,90,0.254,0.297,0.37799999999999995,0.675,81.0,116,5,0,1,3,2,79/D5,0
Jeff Francoeur\francje02,32.0,ATL,NL,99,276,257,29,64,13,0,7,33,2,0,16,75,0.249,0.29,0.381,0.6709999999999999,79.0,98,4,0,0,3,2,79/D,0
Jeff Francoeur\francje02,32.0,MIA,NL,26,55,50,4,14,2,1,0,1,0,2,4,15,0.28,0.33299999999999996,0.36,0.693,91.0,18,1,0,1,0,0,7/95,0
Nick Franklin#\frankni01,25.0,TBR,AL,60,191,174,18,47,10,1,6,26,6,1,12,42,0.27,0.32799999999999996,0.44299999999999995,0.7709999999999999,111.0,77,1,3,2,0,1,7/34D96,0
Adam Frazier*\fraziad01,24.0,PIT,NL,66,160,146,21,44,8,1,2,11,4,1,12,26,0.301,0.35600000000000004,0.41100000000000003,0.767,105.0,60,0,1,0,1,0,749/58,0
Todd Frazier\frazito01,30.0,CHW,AL,158,666,590,89,133,21,0,40,98,15,5,64,163,0.225,0.302,0.46399999999999997,0.767,107.0,274,11,4,1,7,1,*5/3D,8250000
Freddie Freeman*\freemfr01,26.0,ATL,NL,158,693,589,102,178,43,6,34,91,6,1,89,171,0.302,0.4,0.569,0.968,157.0,335,12,10,0,5,18,*3,12000000
Mike Freeman*\freemmi01,28.0,TOT,MLB,21,24,22,1,5,1,0,0,1,0,0,2,7,0.22699999999999998,0.292,0.273,0.564,53.0,6,2,0,0,0,0,/4D679,0
Mike Freeman*\freemmi01,28.0,ARI,NL,8,11,9,0,0,0,0,0,0,0,0,2,5,0.0,0.182,0.0,0.182,-46.0,0,1,0,0,0,0,/79,0
Mike Freeman*\freemmi01,28.0,SEA,AL,13,13,13,1,5,1,0,0,1,0,0,0,2,0.385,0.385,0.462,0.846,132.0,6,1,0,0,0,0,/4D6,0
David Freese\freesda01,33.0,PIT,NL,141,492,437,63,118,23,0,13,55,0,0,45,142,0.27,0.35200000000000004,0.41200000000000003,0.764,104.0,180,15,10,0,0,2,53/4,3000000
Eric Fryer\fryerer01,30.0,TOT,NL,60,133,116,19,31,4,1,0,13,0,3,13,25,0.267,0.336,0.319,0.655,78.0,37,1,0,2,2,0,2,575000
Eric Fryer\fryerer01,30.0,STL,NL,24,41,38,7,14,2,0,0,5,0,1,3,7,0.368,0.415,0.42100000000000004,0.836,126.0,16,0,0,0,0,0,2,575000
Eric Fryer\fryerer01,30.0,PIT,NL,36,92,78,12,17,2,1,0,8,0,2,10,18,0.218,0.3,0.26899999999999996,0.569,55.0,21,1,0,2,2,0,2,575000
Rey Fuentes*\fuentre01,25.0,KCR,AL,13,44,41,2,13,1,0,0,5,0,2,3,8,0.317,0.364,0.341,0.705,92.0,14,0,0,0,0,0,/97D,0
Joey Gallo*\gallojo01,22.0,TEX,AL,17,30,25,2,1,0,0,1,1,1,0,5,19,0.04,0.2,0.16,0.36,-3.0,4,0,0,0,0,0,/5D3,0
Freddy Galvis#\galvifr01,26.0,PHI,NL,158,624,584,61,141,26,3,20,67,17,6,25,136,0.24100000000000002,0.27399999999999997,0.39899999999999997,0.6729999999999999,78.0,233,16,3,8,4,6,*6,2000000
Ben Gamel*\gamelbe01,24.0,TOT,AL,33,57,48,9,9,2,0,1,5,0,0,6,16,0.188,0.278,0.292,0.569,57.0,14,1,0,3,0,0,9/78,0
Ben Gamel*\gamelbe01,24.0,NYY,AL,6,10,8,1,1,0,0,0,0,0,0,1,1,0.125,0.222,0.125,0.34700000000000003,-3.0,1,1,0,1,0,0,/9,0
Ben Gamel*\gamelbe01,24.0,SEA,AL,27,47,40,8,8,2,0,1,5,0,0,5,15,0.2,0.289,0.325,0.614,69.0,13,0,0,2,0,0,9/78,0
Adonis Garcia\garciad01,31.0,ATL,NL,134,563,532,65,145,29,0,14,65,3,2,24,93,0.273,0.311,0.406,0.7170000000000001,91.0,216,18,6,0,0,4,*5/7D,508750
Avisail Garcia\garciav01,25.0,CHW,AL,120,453,413,59,101,18,2,12,51,4,4,34,115,0.245,0.307,0.385,0.6920000000000001,89.0,159,9,4,0,2,0,D97,2100000
Greg Garcia*\garcigr01,26.0,STL,NL,99,257,214,33,59,11,0,3,17,1,1,38,50,0.276,0.39299999999999996,0.369,0.762,108.0,79,3,4,0,1,4,564,507500
Leury Garcia#\garcile02,25.0,CHW,AL,18,50,48,6,11,1,1,1,5,2,1,1,13,0.22899999999999998,0.26,0.354,0.614,67.0,17,0,1,0,0,0,8,0
Brett Gardner*\gardnbr01,32.0,NYY,AL,148,634,547,80,143,22,6,7,41,16,4,70,106,0.261,0.35100000000000003,0.36200000000000004,0.713,92.0,198,6,8,4,5,0,*7/8,13500000
Dustin Garneau\garnedu01,28.0,COL,NL,24,75,68,7,16,6,0,1,6,0,0,6,22,0.235,0.293,0.368,0.6609999999999999,65.0,25,1,0,0,1,0,2,0
Evan Gattis\gattiev01,29.0,HOU,AL,128,499,447,58,112,19,0,32,72,2,1,43,127,0.251,0.319,0.508,0.826,125.0,227,12,4,0,5,6,D2,3200000
Scooter Gennett*\gennesc01,26.0,MIL,NL,136,542,498,58,131,30,1,14,56,8,1,38,114,0.263,0.317,0.41200000000000003,0.728,91.0,205,11,2,1,2,1,*4/D,518100
Craig Gentry\gentrcr01,32.0,LAA,AL,14,39,34,2,5,1,0,0,2,0,0,3,6,0.147,0.237,0.17600000000000002,0.413,18.0,6,2,1,1,0,0,7/8D,1000000
Johnny Giavotella\giavojo01,28.0,LAA,AL,99,367,346,44,90,20,1,6,31,4,3,13,39,0.26,0.287,0.376,0.662,82.0,130,11,1,4,3,0,4,532500
Conor Gillaspie*\gillaco01,28.0,SFG,NL,101,205,191,24,50,8,4,6,25,1,2,12,28,0.262,0.307,0.44,0.747,100.0,84,3,1,0,1,3,5/3,0
Cole Gillespie\gilleco01,32.0,MIA,NL,41,55,51,7,12,3,2,0,5,0,0,3,14,0.235,0.273,0.373,0.645,75.0,19,1,0,0,1,0,/7938,0
Tyler Goeddel\goeddty01,23.0,PHI,NL,92,234,213,17,41,3,3,4,16,3,0,17,52,0.192,0.258,0.29100000000000004,0.5489999999999999,47.0,62,4,2,1,1,0,79,507500
Paul Goldschmidt\goldspa01,28.0,ARI,NL,158,705,579,106,172,33,3,24,95,32,5,110,150,0.297,0.41100000000000003,0.489,0.899,133.0,283,14,7,0,8,15,*3/D,5875000
Yan Gomes\gomesya01,28.0,CLE,AL,74,264,251,22,42,11,1,9,34,0,0,9,69,0.16699999999999998,0.201,0.327,0.527,34.0,82,7,2,0,2,0,2/D,2500000
Carlos Gomez\gomezca01,30.0,TOT,AL,118,453,411,45,95,22,1,13,53,18,5,34,136,0.231,0.298,0.384,0.682,85.0,158,11,5,3,0,2,*87/9D,9000000
Carlos Gomez\gomezca01,30.0,HOU,AL,85,323,295,27,62,16,1,5,29,13,2,21,100,0.21,0.272,0.322,0.594,65.0,95,11,4,3,0,2,8/D,9000000
Carlos Gomez\gomezca01,30.0,TEX,AL,33,130,116,18,33,6,0,8,24,5,3,13,36,0.284,0.36200000000000004,0.5429999999999999,0.905,134.0,63,0,1,0,0,0,7/89,9000000
Adrian Gonzalez*\gonzaad01,34.0,LAD,NL,156,633,568,69,162,31,0,18,90,0,2,55,117,0.285,0.349,0.435,0.784,111.0,247,16,4,0,6,9,*3/D,21857000
Carlos Gonzalez*\gonzaca01,30.0,COL,NL,150,632,584,87,174,42,2,25,100,2,2,46,129,0.298,0.35,0.505,0.855,111.0,295,10,1,0,1,6,*9,17000000
Erik Gonzalez\gonzaer01,24.0,CLE,AL,21,17,16,2,5,0,0,0,0,0,1,1,8,0.313,0.353,0.313,0.665,77.0,5,0,0,0,0,0,/6459,0
Marwin Gonzalez#\gonzama01,27.0,HOU,AL,141,518,484,55,123,26,3,13,51,12,6,22,118,0.254,0.293,0.401,0.6940000000000001,91.0,194,16,5,6,1,1,35746/D8,2000000
Brian Goodwin*\goodwbr01,25.0,WSN,NL,22,44,42,1,12,4,1,0,5,0,0,2,14,0.28600000000000003,0.318,0.429,0.747,95.0,18,1,0,0,0,0,/978,0
Alex Gordon*\gordoal01,32.0,KCR,AL,128,506,445,62,98,16,2,17,40,8,1,52,148,0.22,0.312,0.38,0.6920000000000001,85.0,169,9,8,0,1,3,*7,12000000
Dee Gordon*\gordode01,28.0,MIA,NL,79,346,325,47,87,7,6,1,14,30,7,18,55,0.268,0.305,0.335,0.6409999999999999,77.0,109,4,0,1,1,1,4,3300000
Terrance Gore\gorete01,25.0,KCR,AL,17,3,3,6,0,0,0,0,0,11,2,0,1,0.0,0.0,0.0,0.0,-100.0,0,0,0,0,0,0,/D7,0
Anthony Gose*\gosean01,25.0,DET,AL,30,101,91,11,19,2,2,2,7,0,1,9,38,0.209,0.287,0.341,0.628,70.0,31,1,1,0,0,0,8,525000
Tuffy Gosewisch\gosewtu01,32.0,ARI,NL,33,99,90,8,14,1,1,3,7,0,0,7,22,0.156,0.22399999999999998,0.289,0.513,32.0,26,1,1,1,0,0,2,0
Phil Gosselin\gosseph01,27.0,ARI,NL,122,240,220,26,61,12,1,2,13,3,0,15,46,0.27699999999999997,0.324,0.368,0.6920000000000001,79.0,81,0,1,2,2,0,45/37D9,513900
Yasmani Grandal#\grandya01,27.0,LAD,NL,126,457,390,49,89,14,1,27,72,1,3,64,116,0.228,0.33899999999999997,0.47700000000000004,0.816,118.0,186,11,2,0,1,1,*2/3,2800000
Curtis Granderson*\grandcu01,35.0,NYM,NL,150,633,545,88,129,24,5,30,59,4,2,74,130,0.237,0.335,0.46399999999999997,0.799,114.0,253,10,9,0,5,7,*98/7D,16000000
Juan Graterol\grateju01,27.0,LAA,AL,9,15,14,2,4,2,0,0,3,0,0,0,3,0.28600000000000003,0.28600000000000003,0.429,0.7140000000000001,94.0,6,0,0,1,0,0,/2,0
Grant Green\greengr01,28.0,SFG,NL,18,50,46,7,12,2,0,1,7,0,0,3,8,0.261,0.3,0.37,0.67,81.0,17,3,0,0,1,0,4,0
Didi Gregorius*\gregodi01,26.0,NYY,AL,153,597,562,68,155,32,2,20,70,7,1,19,82,0.276,0.304,0.447,0.7509999999999999,97.0,251,9,6,5,5,2,*6,2425000
Randal Grichuk\grichra01,24.0,STL,NL,132,478,446,66,107,29,3,24,68,5,4,28,141,0.24,0.289,0.48,0.769,102.0,214,9,3,0,1,0,*8/79,520000
Robbie Grossman#\grossro01,26.0,MIN,AL,99,389,332,49,93,19,1,11,37,2,3,55,96,0.28,0.386,0.44299999999999995,0.828,124.0,147,3,2,0,0,0,7D/8,0
Yuli Gurriel\gourryu01,32.0,HOU,AL,36,137,130,13,34,7,0,3,15,1,1,5,12,0.262,0.292,0.385,0.677,86.0,50,7,1,0,1,0,5/D37,1900000
Franklin Gutierrez\gutiefr01,33.0,SEA,AL,98,283,248,33,61,9,0,14,39,1,0,29,85,0.24600000000000002,0.32899999999999996,0.452,0.78,112.0,112,6,3,0,3,0,9D/7,1500000
Brandon Guyer\guyerbr01,30.0,TOT,AL,101,345,293,39,78,17,1,9,32,3,2,19,55,0.266,0.37200000000000005,0.423,0.795,117.0,124,6,31,1,1,1,798D,0
Brandon Guyer\guyerbr01,30.0,TBR,AL,63,249,212,27,51,12,1,7,18,2,1,12,42,0.24100000000000002,0.34700000000000003,0.406,0.752,108.0,86,3,23,1,1,1,78D9,0
Brandon Guyer\guyerbr01,30.0,CLE,AL,38,96,81,12,27,5,0,2,14,1,1,7,13,0.33299999999999996,0.43799999999999994,0.469,0.907,138.0,38,3,8,0,0,0,7/9,0
Jedd Gyorko\gyorkje01,27.0,STL,NL,128,438,400,58,97,9,1,30,59,0,0,37,96,0.243,0.306,0.495,0.8009999999999999,111.0,198,11,0,0,1,1,4563,4000000
Billy Hamilton#\hamilbi02,25.0,CIN,NL,119,460,411,69,107,19,3,3,17,58,8,36,93,0.26,0.321,0.34299999999999997,0.664,77.0,141,5,1,11,1,0,*8,570000
Ryan Hanigan\hanigry01,35.0,BOS,AL,35,113,105,9,18,4,0,1,14,0,0,7,27,0.171,0.23,0.23800000000000002,0.46799999999999997,25.0,25,5,1,0,0,0,2/D,3700000
Mitch Haniger\hanigmi01,25.0,ARI,NL,34,123,109,9,25,2,1,5,17,0,0,12,27,0.22899999999999998,0.309,0.40399999999999997,0.713,83.0,44,3,1,0,1,2,8/79,0
Alen Hanson#\hansoal01,23.0,PIT,NL,27,33,31,5,7,1,0,0,1,2,1,2,5,0.226,0.273,0.258,0.531,44.0,8,0,0,0,0,1,/4,0
J.J. Hardy\hardyjj01,33.0,BAL,AL,115,438,405,43,109,29,0,9,48,0,0,26,68,0.26899999999999996,0.309,0.40700000000000003,0.716,90.0,165,14,0,1,6,1,*6,12500000
Bryce Harper*\harpebr03,23.0,WSN,NL,147,627,506,84,123,24,2,24,86,21,10,108,117,0.243,0.373,0.441,0.8140000000000001,114.0,223,11,3,0,10,20,*9,5000000
Josh Harrison\harrijo05,28.0,PIT,NL,131,522,487,57,138,25,7,4,59,19,4,18,76,0.28300000000000003,0.311,0.38799999999999996,0.6990000000000001,86.0,189,10,5,4,8,0,*4/9,5250000
Jeremy Hazelbaker*\hazelje01,28.0,STL,NL,114,224,200,35,47,7,3,12,28,5,2,18,64,0.235,0.295,0.48,0.775,104.0,96,1,0,4,2,2,78/9,507500
Chase Headley#\headlch01,32.0,NYY,AL,140,529,467,58,118,18,1,14,51,8,2,51,118,0.253,0.331,0.385,0.716,91.0,180,7,6,0,5,3,*5/D,13000000
Ryon Healy\healyry01,24.0,OAK,AL,72,283,269,36,82,20,0,13,37,0,0,12,60,0.305,0.337,0.524,0.861,132.0,141,7,1,1,0,1,5,0
Adeiny Hechavarria\hechaad01,27.0,MIA,NL,155,547,508,52,120,17,6,3,38,1,0,33,73,0.23600000000000002,0.28300000000000003,0.311,0.594,64.0,158,10,1,2,3,7,*6,2625000
Austin Hedges\hedgeau01,23.0,SDP,NL,8,26,24,2,3,1,0,0,1,0,1,0,7,0.125,0.154,0.16699999999999998,0.321,-12.0,4,0,1,0,1,0,/2,0
Chris Heisey\heisech01,31.0,WSN,NL,83,155,139,18,30,3,1,9,17,0,1,13,44,0.21600000000000003,0.29,0.446,0.736,90.0,62,0,2,0,1,0,79/8D,1250000
Guillermo Heredia\heredgu01,25.0,SEA,AL,45,107,92,12,23,3,0,1,12,1,1,12,15,0.25,0.349,0.315,0.664,86.0,29,1,2,1,0,0,79/8,0
Cesar Hernandez#\hernace02,26.0,PHI,NL,155,622,547,67,161,14,11,6,39,17,13,66,116,0.294,0.371,0.39299999999999996,0.764,106.0,215,6,2,5,2,4,*4/6,525000
Enrique Hernandez\hernaen02,24.0,LAD,NL,109,244,216,25,41,8,0,7,18,2,0,28,64,0.19,0.28300000000000003,0.324,0.607,64.0,70,3,0,0,0,1,784/956D,520000
Gorkys Hernandez\hernago01,28.0,SFG,NL,26,57,54,7,14,5,0,2,4,0,1,3,11,0.259,0.298,0.46299999999999997,0.7609999999999999,103.0,25,0,0,0,0,0,8/97,0
Marco Hernandez*\hernama02,23.0,BOS,AL,40,56,51,11,15,1,0,1,5,1,0,5,10,0.294,0.35700000000000004,0.373,0.73,94.0,19,0,0,0,0,0,45/D6,0
Oscar Hernandez\hernaos01,22.0,ARI,NL,4,11,11,1,2,0,0,1,1,0,0,0,0,0.182,0.182,0.455,0.636,57.0,5,1,0,0,0,0,/2,0
Teoscar Hernandez\hernate01,23.0,HOU,AL,41,112,100,15,23,7,0,4,11,0,2,11,28,0.23,0.304,0.42,0.7240000000000001,99.0,42,5,0,0,1,1,78/9,0
Odubel Herrera*\herreod01,24.0,PHI,NL,159,656,583,87,167,21,6,15,49,25,7,63,134,0.28600000000000003,0.361,0.42,0.7809999999999999,109.0,245,6,6,2,2,7,*8,528000
Chris Herrmann*\herrmch01,28.0,ARI,NL,56,166,148,21,42,5,4,6,28,4,0,16,44,0.284,0.35200000000000004,0.493,0.845,116.0,73,2,0,1,1,1,2/9738,516900
Jason Heyward*\heywaja01,26.0,CHC,NL,142,592,530,61,122,27,1,7,49,11,4,54,93,0.23,0.306,0.325,0.631,68.0,172,12,5,1,2,0,*98,21666666
Aaron Hicks#\hicksaa01,26.0,NYY,AL,123,361,327,32,71,13,1,8,31,3,4,30,68,0.217,0.281,0.336,0.617,64.0,110,7,0,1,3,1,*978/D,574000
John Hicks\hicksjo02,26.0,DET,AL,1,2,2,1,1,1,0,0,0,0,0,0,0,0.5,0.5,1.0,1.5,291.0,2,0,0,0,0,0,/3,0
Aaron Hill\hillaa01,34.0,TOT,MLB,125,429,378,48,99,14,0,10,38,4,2,41,59,0.262,0.336,0.37799999999999995,0.7140000000000001,89.0,143,6,3,0,4,2,54/D,0
Aaron Hill\hillaa01,34.0,MIL,NL,78,292,254,34,72,11,0,8,29,4,2,30,43,0.28300000000000003,0.359,0.42100000000000004,0.78,106.0,107,5,2,0,4,0,54,0
Aaron Hill\hillaa01,34.0,BOS,AL,47,137,124,14,27,3,0,2,9,0,0,11,16,0.218,0.287,0.29,0.5770000000000001,54.0,36,1,1,0,0,2,5/4D,0
Bryan Holaday\holadbr01,28.0,BOS,AL,14,35,33,3,7,1,0,0,1,0,0,2,12,0.212,0.257,0.242,0.5,34.0,8,1,0,0,0,0,2/5D,519000
Matt Holliday\hollima01,36.0,STL,NL,110,426,382,48,94,20,1,20,62,0,0,35,71,0.24600000000000002,0.322,0.461,0.782,107.0,176,9,8,0,1,1,73/D,17000000
Brock Holt*\holtbr01,28.0,BOS,AL,94,324,290,45,74,16,0,7,34,4,3,27,58,0.255,0.322,0.38299999999999995,0.705,86.0,111,5,3,1,3,0,75/469D,606000
Destin Hood\hoodde01,26.0,MIA,NL,13,25,25,3,6,1,0,1,2,0,1,0,11,0.24,0.24,0.4,0.64,72.0,10,0,0,0,0,0,/79,0
Eric Hosmer*\hosmeer01,26.0,KCR,AL,158,667,605,80,161,24,1,25,104,5,3,57,132,0.266,0.32799999999999996,0.433,0.7609999999999999,102.0,262,18,1,0,4,5,*3/D,8250000
Ryan Howard*\howarry01,36.0,PHI,NL,112,362,331,35,65,10,0,25,59,0,1,27,114,0.196,0.257,0.45299999999999996,0.71,85.0,150,7,1,0,3,2,3/D,25000000
Nick Hundley\hundlni01,32.0,COL,NL,83,317,289,30,75,20,1,10,48,0,0,25,65,0.26,0.32,0.439,0.759,88.0,127,12,1,1,1,3,2,3150000
Cedric Hunter*\huntece01,28.0,PHI,NL,13,36,34,3,3,0,0,1,1,0,0,2,6,0.08800000000000001,0.139,0.17600000000000002,0.315,-16.0,6,1,0,0,0,0,7/9,507500
Chris Iannetta\iannech01,33.0,SEA,AL,94,338,295,23,62,14,0,7,24,0,0,38,83,0.21,0.303,0.32899999999999996,0.631,75.0,97,4,2,1,2,0,2/D,4250000
Jose Iglesias\iglesjo01,26.0,DET,AL,137,513,467,57,119,26,0,4,32,7,4,28,50,0.255,0.306,0.336,0.643,74.0,157,12,8,7,3,1,*6,2100000
Ender Inciarte*\inciaen01,25.0,ATL,NL,131,578,522,85,152,24,7,3,29,16,7,45,68,0.29100000000000004,0.35100000000000003,0.381,0.732,98.0,199,8,4,5,2,5,*87,523000
Omar Infante\infanom01,34.0,KCR,AL,39,149,134,16,32,9,1,0,11,0,0,9,23,0.239,0.27899999999999997,0.321,0.6,61.0,43,0,0,2,4,0,4,0
Hernan Iribarren*\iribahe01,32.0,CIN,NL,24,45,45,6,14,0,3,0,2,1,0,0,11,0.311,0.311,0.444,0.7559999999999999,98.0,20,2,0,0,0,0,/8439,0
Austin Jackson\jacksau01,29.0,CHW,AL,54,203,181,24,46,12,2,0,18,2,1,17,39,0.254,0.318,0.34299999999999997,0.6609999999999999,83.0,62,3,1,2,2,0,8,5000000
Paul Janish\janispa01,33.0,BAL,AL,14,35,31,3,6,1,0,0,0,0,0,3,3,0.19399999999999998,0.28600000000000003,0.226,0.512,41.0,7,0,1,0,0,0,/56,0
Travis Jankowski*\jankotr01,25.0,SDP,NL,131,383,335,53,82,13,2,2,12,30,12,42,100,0.245,0.332,0.313,0.6459999999999999,78.0,105,5,2,3,0,0,*89/7,508800
John Jaso*\jasojo01,32.0,PIT,NL,132,432,380,45,102,25,3,8,42,0,4,45,74,0.268,0.353,0.413,0.7659999999999999,105.0,157,8,5,1,1,0,3/9,4000000
Jon Jay*\jayjo02,31.0,SDP,NL,90,374,347,49,101,26,1,2,26,2,0,19,78,0.29100000000000004,0.33899999999999997,0.389,0.728,98.0,135,5,6,1,0,0,8/97,6850000
Desmond Jennings\jennide01,29.0,TBR,AL,65,225,200,22,40,7,1,7,20,2,0,21,58,0.2,0.281,0.35,0.631,74.0,70,4,2,1,1,0,78/D,3300000
Kyle Jensen\jenseky01,28.0,ARI,NL,17,34,31,5,6,0,1,2,7,0,0,2,13,0.19399999999999998,0.265,0.452,0.716,81.0,14,1,1,0,0,0,/37D9,0
Chris Johnson\johnsch05,31.0,MIA,NL,113,264,243,20,54,11,0,5,24,0,0,19,78,0.222,0.281,0.32899999999999996,0.611,68.0,80,13,1,1,0,2,35/7,507500
Kelly Johnson*\johnske05,34.0,TOT,NL,131,333,304,25,75,14,0,10,34,4,0,25,65,0.247,0.306,0.391,0.698,87.0,119,6,2,0,2,2,457/36,0
Kelly Johnson*\johnske05,34.0,ATL,NL,49,132,121,8,26,6,0,1,10,1,0,10,25,0.215,0.273,0.289,0.562,52.0,35,4,0,0,1,1,4/73,0
Kelly Johnson*\johnske05,34.0,NYM,NL,82,201,183,17,49,8,0,9,24,3,0,15,40,0.268,0.32799999999999996,0.45899999999999996,0.787,111.0,84,2,2,0,1,1,45/736,0
Micah Johnson*\johnsmi04,25.0,LAD,NL,7,6,6,1,1,0,0,0,0,0,0,0,1,0.16699999999999998,0.16699999999999998,0.16699999999999998,0.33299999999999996,-9.0,1,0,0,0,0,0,/47,0
Adam Jones\jonesad01,30.0,BAL,AL,152,672,619,86,164,19,0,29,83,2,0,39,115,0.265,0.31,0.436,0.746,98.0,270,13,5,1,8,2,*8,16333333
JaCoby Jones\jonesja07,24.0,DET,AL,13,28,28,3,6,3,0,0,2,0,0,0,12,0.214,0.214,0.321,0.536,42.0,9,1,0,0,0,0,/58D,0
Caleb Joseph\josepca01,30.0,BAL,AL,49,141,132,7,23,3,0,0,0,0,0,7,28,0.174,0.21600000000000003,0.19699999999999998,0.413,13.0,26,6,0,2,0,0,2/3,523500
Tommy Joseph\josepto01,24.0,PHI,NL,107,347,315,47,81,15,0,21,47,1,1,22,75,0.257,0.308,0.505,0.813,113.0,159,11,4,0,6,0,3,0
Matthew Joyce*\joycema01,31.0,PIT,NL,140,293,231,45,56,10,1,13,42,1,1,59,67,0.242,0.40299999999999997,0.46299999999999997,0.866,132.0,107,9,3,0,0,4,97/D,1000000
Aaron Judge\judgeaa01,24.0,NYY,AL,27,95,84,10,15,2,0,4,10,0,1,9,42,0.179,0.263,0.345,0.608,61.0,29,2,1,0,1,0,9,0
Ryan Kalish*\kalisry01,28.0,CHC,NL,7,10,7,1,2,0,0,0,2,0,0,1,0,0.28600000000000003,0.444,0.28600000000000003,0.73,101.0,2,0,1,1,0,0,/79,0
Jung Ho Kang\kangju01,29.0,PIT,NL,103,370,318,45,81,19,0,21,62,3,1,36,79,0.255,0.354,0.513,0.867,129.0,163,11,14,0,2,1,5/D,2500000
Munenori Kawasaki*\kawasmu01,35.0,CHC,NL,14,26,21,3,7,2,0,0,1,2,0,4,5,0.33299999999999996,0.462,0.429,0.89,140.0,9,1,1,0,0,0,4/5,0
Carson Kelly\kellyca02,21.0,STL,NL,10,14,13,1,2,1,0,0,1,0,0,0,2,0.154,0.214,0.231,0.445,20.0,3,0,1,0,0,0,2,0
Don Kelly*\kellydo01,36.0,MIA,NL,13,30,27,2,4,0,2,0,3,0,0,2,5,0.14800000000000002,0.2,0.29600000000000004,0.496,34.0,8,2,0,0,1,0,3,0
Ty Kelly#\kellyty01,27.0,NYM,NL,39,71,58,9,14,1,1,1,7,0,0,11,9,0.24100000000000002,0.35200000000000004,0.345,0.6970000000000001,91.0,20,2,0,0,2,0,5/74389,0
Matt Kemp\kempma01,31.0,TOT,NL,156,672,623,89,167,39,0,35,108,1,0,36,156,0.268,0.304,0.499,0.8029999999999999,113.0,311,17,1,0,12,6,*97/D,0
Matt Kemp\kempma01,31.0,SDP,NL,100,431,409,54,107,24,0,23,69,0,0,16,100,0.262,0.285,0.489,0.774,106.0,200,8,0,0,6,3,9/D,0
Matt Kemp\kempma01,31.0,ATL,NL,56,241,214,35,60,15,0,12,39,1,0,20,56,0.28,0.336,0.519,0.855,126.0,111,9,1,0,6,3,7,0
Tony Kemp*\kempto01,24.0,HOU,AL,59,136,120,15,26,4,3,1,7,2,1,14,27,0.217,0.29600000000000004,0.325,0.621,73.0,39,5,0,1,1,0,7/D489,0
Howie Kendrick\kendrho01,32.0,LAD,NL,146,543,487,65,124,26,2,8,40,10,2,50,96,0.255,0.326,0.366,0.691,87.0,178,20,3,0,3,2,7453/D,10000000
Max Kepler*\keplema01,23.0,MIN,AL,113,447,396,52,93,20,2,17,63,6,2,42,93,0.235,0.309,0.424,0.7340000000000001,96.0,168,2,3,1,5,3,*9/83,0
Spencer Kieboom\kiebosp01,25.0,WSN,NL,1,1,0,1,0,0,0,0,0,0,0,1,0,,1.0,,,,0,0,0,0,0,0,,0
Kevin Kiermaier*\kiermke01,26.0,TBR,AL,105,414,366,55,90,20,2,12,37,21,3,40,74,0.24600000000000002,0.331,0.41,0.741,104.0,150,5,7,0,1,1,8,514400
Hyun Soo Kim*\kimhy01,28.0,BAL,AL,95,346,305,36,92,16,1,6,22,1,3,36,51,0.302,0.382,0.42,0.8009999999999999,116.0,128,5,4,0,1,0,7,2800000
Ian Kinsler\kinslia01,34.0,DET,AL,153,679,618,117,178,29,4,28,83,14,6,45,115,0.28800000000000003,0.348,0.484,0.831,122.0,299,5,13,0,3,0,*4/D,14000000
Jason Kipnis*\kipnija01,29.0,CLE,AL,156,688,610,91,168,41,4,23,82,15,3,60,146,0.275,0.34299999999999997,0.469,0.8109999999999999,109.0,286,21,6,5,7,0,*4/D,6166667
Patrick Kivlehan\kivlepa01,26.0,TOT,NL,8,24,21,5,4,0,0,1,2,0,0,2,11,0.19,0.292,0.33299999999999996,0.625,69.0,7,0,1,0,0,0,/97,0
Patrick Kivlehan\kivlepa01,26.0,SDP,NL,5,19,16,5,4,0,0,1,2,0,0,2,9,0.25,0.368,0.43799999999999994,0.8059999999999999,119.0,7,0,1,0,0,0,/97,0
Patrick Kivlehan\kivlepa01,26.0,CIN,NL,3,5,5,0,0,0,0,0,0,0,0,0,2,0.0,0.0,0.0,0.0,-100.0,0,0,0,0,0,0,/9,0
Tommy La Stella*\lasteto01,27.0,CHC,NL,74,169,148,17,40,12,1,2,11,0,1,18,27,0.27,0.35700000000000004,0.405,0.763,103.0,60,2,2,0,0,1,5/4,532000
Juan Lagares\lagarju01,27.0,NYM,NL,79,160,142,15,34,7,2,3,9,4,2,11,27,0.239,0.301,0.38,0.682,84.0,54,4,2,4,1,1,8/97,2500000
Junior Lake\lakeju01,26.0,TOR,AL,22,39,35,5,7,3,0,1,2,1,0,4,11,0.2,0.282,0.371,0.653,74.0,13,0,0,0,0,0,9/3,520200
Blake Lalli*\lallibl01,33.0,ATL,NL,10,13,13,0,2,1,0,0,1,0,0,0,3,0.154,0.154,0.231,0.385,2.0,3,1,0,0,0,0,/3,0
Jake Lamb*\lambja01,25.0,ARI,NL,151,594,523,81,130,31,9,29,91,6,1,64,154,0.249,0.332,0.509,0.84,114.0,266,13,3,0,4,5,*5,520300
Andrew Lambo*\lamboan01,27.0,OAK,AL,1,1,1,0,0,0,0,0,0,0,0,0,0,0.0,0.0,0.0,0.0,-100.0,0,0,0,0,0,0,,0
Brett Lawrie\lawribr01,26.0,CHW,AL,94,384,351,35,87,22,0,12,36,7,3,30,109,0.248,0.31,0.413,0.723,97.0,145,3,2,0,1,2,4/D,4125000
Dae-ho Lee\leeda02,34.0,SEA,AL,104,317,292,33,74,9,0,14,49,0,0,20,74,0.253,0.312,0.428,0.74,101.0,125,8,5,0,0,2,3/D,1000000
DJ LeMahieu\lemahdj01,27.0,COL,NL,146,635,552,104,192,32,8,11,66,11,7,66,80,0.348,0.41600000000000004,0.495,0.9109999999999999,128.0,273,19,3,8,6,2,*4,3000000
Sandy Leon#\leonsa01,27.0,BOS,AL,78,283,252,36,78,17,2,7,35,0,0,23,66,0.31,0.369,0.47600000000000003,0.845,122.0,120,4,2,4,2,1,2/D,0
Adam Lind*\lindad01,32.0,SEA,AL,126,430,401,48,96,17,0,20,58,0,1,26,89,0.239,0.28600000000000003,0.431,0.7170000000000001,94.0,173,14,1,0,2,3,3D,8000000
Francisco Lindor#\lindofr01,22.0,CLE,AL,158,684,604,99,182,30,3,15,78,19,5,57,88,0.301,0.358,0.435,0.794,106.0,263,18,5,3,15,3,*6/D,540300
Jose Lobaton#\lobatjo01,31.0,WSN,NL,39,114,99,10,23,3,1,3,8,0,0,12,18,0.23199999999999998,0.319,0.374,0.6920000000000001,82.0,37,4,1,1,1,1,2,1387500
James Loney*\loneyja01,32.0,NYM,NL,100,366,343,30,91,16,1,9,34,0,0,16,37,0.265,0.307,0.397,0.703,89.0,136,11,5,1,1,3,3,0
Evan Longoria\longoev01,30.0,TBR,AL,160,685,633,81,173,41,4,36,98,0,3,42,144,0.273,0.318,0.521,0.84,127.0,330,13,3,0,7,6,*5/D,11500000
Rafael Lopez*\lopezra02,28.0,CIN,NL,8,7,7,0,0,0,0,0,0,0,0,0,3,0.0,0.0,0.0,0.0,-100.0,0,0,0,0,0,0,/23D,0
David Lough*\loughda01,30.0,PHI,NL,30,79,67,6,16,3,1,0,4,1,2,9,8,0.239,0.342,0.313,0.655,78.0,21,0,2,0,1,1,79,0
Jed Lowrie#\lowrije01,32.0,OAK,AL,87,369,338,30,89,12,1,2,27,0,0,26,65,0.263,0.314,0.322,0.637,77.0,109,10,1,0,4,0,4/D6,7500000
Jonathan Lucroy\lucrojo01,30.0,TOT,MLB,142,544,490,67,143,24,3,24,81,5,0,47,100,0.292,0.355,0.5,0.855,123.0,245,16,3,0,4,5,*2/3D,0
Jonathan Lucroy\lucrojo01,30.0,MIL,NL,95,376,338,48,101,17,3,13,50,5,0,33,70,0.299,0.359,0.48200000000000004,0.841,120.0,163,12,1,0,4,3,2/3D,0
Jonathan Lucroy\lucrojo01,30.0,TEX,AL,47,168,152,19,42,7,0,11,31,0,0,14,30,0.276,0.345,0.539,0.885,128.0,82,4,2,0,0,2,2,0
Dixon Machado\machadi01,24.0,DET,AL,8,13,10,1,1,0,0,0,0,0,0,3,4,0.1,0.308,0.1,0.408,19.0,1,0,0,0,0,0,/64,0
Manny Machado\machama01,23.0,BAL,AL,157,696,640,105,188,40,1,37,96,0,3,48,120,0.294,0.34299999999999997,0.5329999999999999,0.8759999999999999,130.0,341,14,3,0,5,9,*56,5000000
Mikie Mahtook\mahtomi01,26.0,TBR,AL,65,196,185,16,36,9,0,3,11,0,1,7,68,0.195,0.231,0.292,0.523,44.0,54,2,2,1,1,0,789/D,512200
Luke Maile\mailelu01,25.0,TBR,AL,42,126,119,10,27,7,0,3,15,0,0,4,36,0.22699999999999998,0.252,0.361,0.613,67.0,43,2,0,3,0,1,2/3D,0
Martin Maldonado\maldoma01,29.0,MIL,NL,76,253,208,21,42,7,0,8,21,1,0,35,56,0.20199999999999999,0.332,0.35100000000000003,0.6829999999999999,82.0,73,6,6,3,1,9,2,1125000
Trey Mancini\mancitr01,24.0,BAL,AL,5,15,14,3,5,1,0,3,5,0,0,0,4,0.35700000000000004,0.4,1.071,1.4709999999999999,274.0,15,0,1,0,0,0,/D,0
Manuel Margot\margoma01,21.0,SDP,NL,10,37,37,4,9,4,1,0,3,2,0,0,7,0.243,0.243,0.405,0.649,73.0,15,0,0,0,0,0,/89,0
Jake Marisnick\marisja01,25.0,HOU,AL,118,311,287,40,60,18,1,5,21,10,5,16,83,0.209,0.257,0.331,0.588,62.0,95,4,3,4,1,0,87/D9,519500
Nick Markakis*\markani01,32.0,ATL,NL,158,684,599,67,161,38,0,13,89,0,2,71,101,0.26899999999999996,0.34600000000000003,0.397,0.7440000000000001,100.0,238,16,5,0,9,9,*9/D3,11000000
Deven Marrero\marrede01,25.0,BOS,AL,13,14,12,0,1,0,0,0,0,0,0,2,5,0.083,0.214,0.083,0.298,-16.0,1,0,0,0,0,0,/456D,0
Jefry Marte\marteje01,25.0,LAA,AL,88,284,258,38,65,14,0,15,44,2,2,18,59,0.252,0.31,0.48100000000000004,0.79,114.0,124,8,5,0,3,0,375/D,0
Ketel Marte#\marteke01,22.0,SEA,AL,119,466,437,55,113,21,2,1,33,11,5,18,84,0.259,0.287,0.32299999999999995,0.61,68.0,141,10,2,3,6,0,*6,515400
Starling Marte\martest01,27.0,PIT,NL,129,529,489,71,152,34,5,9,46,47,12,23,104,0.311,0.36200000000000004,0.456,0.818,118.0,223,8,16,1,0,5,*78,3333333
Leonys Martin*\martile01,28.0,SEA,AL,143,576,518,72,128,17,3,15,47,24,6,44,149,0.247,0.306,0.37799999999999995,0.684,88.0,196,10,3,4,7,0,*8,4150000
Russell Martin\martiru01,33.0,TOR,AL,137,535,455,62,105,16,0,20,74,2,1,64,148,0.231,0.335,0.39799999999999996,0.733,96.0,181,12,10,1,5,1,*2/D45,15000000
J.D. Martinez\martijd02,28.0,DET,AL,120,517,460,69,141,35,2,22,68,1,2,49,128,0.307,0.373,0.535,0.9079999999999999,142.0,246,13,3,0,5,2,*9/D,6750000
Jose Martinez\martijo08,27.0,STL,NL,12,18,16,4,7,1,0,0,1,0,0,2,1,0.43799999999999994,0.5,0.5,1.0,171.0,8,0,0,0,0,0,/73,0
Michael Martinez#\martimi02,33.0,TOT,AL,63,106,101,16,24,4,0,1,4,0,2,4,23,0.23800000000000002,0.267,0.307,0.574,50.0,31,1,0,1,0,0,489/76D5,0
Michael Martinez#\martimi02,33.0,CLE,AL,32,63,60,10,17,3,0,1,3,0,2,2,13,0.28300000000000003,0.306,0.38299999999999995,0.69,79.0,23,1,0,1,0,0,4/6D59,0
Michael Martinez#\martimi02,33.0,BOS,AL,4,7,6,1,1,0,0,0,0,0,0,1,2,0.16699999999999998,0.28600000000000003,0.16699999999999998,0.452,25.0,1,0,0,0,0,0,8/79D6,0
Michael Martinez#\martimi02,33.0,CLE,AL,27,36,35,5,6,1,0,0,1,0,0,1,8,0.171,0.19399999999999998,0.2,0.39399999999999996,4.0,7,0,0,0,0,0,,0
Victor Martinez#\martivi01,37.0,DET,AL,154,610,553,65,160,22,0,27,86,0,0,50,90,0.289,0.35100000000000003,0.47600000000000003,0.826,121.0,263,19,4,0,3,8,*D/3,18000000
Darin Mastroianni\mastrda01,30.0,MIN,AL,7,11,9,1,0,0,0,0,0,1,0,2,4,0.0,0.182,0.0,0.182,-44.0,0,0,0,0,0,0,/987,0
Jeff Mathis\mathije01,33.0,MIA,NL,41,132,126,12,30,4,1,2,15,0,0,4,36,0.23800000000000002,0.267,0.33299999999999996,0.601,64.0,42,1,1,1,0,0,2,1500000
Joe Mauer*\mauerjo01,33.0,MIN,AL,134,576,494,68,129,22,4,11,49,2,0,79,93,0.261,0.363,0.389,0.752,104.0,192,11,1,0,2,10,3D,23000000
Bruce Maxwell*\maxwebr01,25.0,OAK,AL,33,101,92,8,26,6,1,1,14,0,0,8,24,0.28300000000000003,0.337,0.402,0.7390000000000001,103.0,37,2,0,0,1,0,2/D,0
Cameron Maybin\maybica01,29.0,DET,AL,94,391,349,65,110,14,5,4,43,15,6,36,69,0.315,0.38299999999999995,0.418,0.8009999999999999,118.0,146,8,3,2,1,0,8/D,8000000
Nomar Mazara*\mazarno01,21.0,TEX,AL,145,568,516,59,137,13,3,20,64,0,2,39,112,0.266,0.32,0.419,0.7390000000000001,93.0,216,12,6,0,7,1,*97/D,0
Matt McBride\mcbrima02,31.0,OAK,AL,20,44,43,4,9,3,0,0,2,0,0,1,10,0.209,0.22699999999999998,0.27899999999999997,0.506,39.0,12,0,0,0,0,0,2/D39,0
Brian McCann*\mccanbr01,32.0,NYY,AL,130,492,429,56,104,13,0,20,58,1,0,54,99,0.242,0.335,0.413,0.748,99.0,177,15,7,0,2,2,2D/3,17000000
James McCann\mccanja02,26.0,DET,AL,105,373,344,31,76,9,1,12,48,0,1,23,109,0.221,0.272,0.358,0.629,69.0,123,12,2,1,3,0,2/D,519500
Andrew McCutchen\mccutan01,29.0,PIT,NL,153,675,598,81,153,26,3,24,79,6,7,69,143,0.256,0.336,0.43,0.7659999999999999,104.0,257,15,5,0,3,7,*8,13000000
Casey McGehee\mcgehca01,33.0,DET,AL,30,96,92,4,21,1,0,0,1,0,0,3,14,0.228,0.26,0.239,0.5,37.0,22,5,1,0,0,0,5/3,0
Michael McKenry\mckenmi01,31.0,STL,NL,3,2,1,0,0,0,0,0,0,0,0,0,1,0.0,0.0,0.0,0.0,-100.0,0,0,0,1,0,0,,0
Jordy Mercer\mercejo03,29.0,PIT,NL,149,584,519,66,133,22,3,11,59,1,1,51,83,0.256,0.32799999999999996,0.374,0.701,88.0,194,11,5,7,2,8,*6,2075000
Whit Merrifield\merriwh01,27.0,KCR,AL,81,332,311,44,88,22,3,2,29,8,3,19,72,0.28300000000000003,0.32299999999999995,0.392,0.716,91.0,122,1,0,1,1,1,47/593D,0
Devin Mesoraco\mesorde01,28.0,CIN,NL,16,55,50,2,7,1,0,0,1,0,1,5,10,0.14,0.218,0.16,0.37799999999999995,3.0,8,3,0,0,0,0,2,5025000
Will Middlebrooks\middlwi01,27.0,MIL,NL,10,31,27,2,3,0,0,0,1,0,0,4,13,0.111,0.226,0.111,0.337,-6.0,3,0,0,0,0,0,/5,0
Brad Miller*\millebr02,26.0,TBR,AL,152,601,548,73,133,29,6,30,81,6,4,47,149,0.243,0.304,0.48200000000000004,0.7859999999999999,113.0,264,5,3,0,3,0,63/D7,527600
Mike Miller\millemi01,26.0,BOS,AL,1,1,1,0,0,0,0,0,0,0,0,0,0,0.0,0.0,0.0,0.0,-100.0,0,0,0,0,0,0,/4,0
Yadier Molina\molinya01,33.0,STL,NL,147,581,534,56,164,38,1,8,58,3,2,39,63,0.307,0.36,0.42700000000000005,0.787,111.0,228,22,6,0,2,1,*2/3,14000000
Yoan Moncada#\moncayo01,21.0,BOS,AL,8,20,19,3,4,1,0,0,1,0,0,1,12,0.21100000000000002,0.25,0.263,0.513,36.0,5,0,0,0,0,0,/5D,0
Adalberto Mondesi#\mondera02,20.0,KCR,AL,47,149,135,16,25,1,3,2,13,9,1,6,48,0.185,0.231,0.281,0.512,37.0,38,1,2,6,0,0,4/6,0
Adam Moore\mooread01,32.0,CLE,AL,9,5,5,0,0,0,0,0,0,0,0,0,4,0.0,0.0,0.0,0.0,-100.0,0,0,0,0,0,0,/2,0
Kendrys Morales#\moralke01,33.0,KCR,AL,154,618,558,65,147,24,0,30,93,0,0,48,120,0.263,0.327,0.46799999999999997,0.795,110.0,261,20,7,0,5,2,*D/39,9000000
Colin Moran*\moranco01,23.0,HOU,AL,9,25,23,1,3,1,0,0,2,0,0,1,8,0.13,0.2,0.174,0.374,6.0,4,4,1,0,0,0,/5,0
Mitch Moreland*\morelmi01,30.0,TEX,AL,147,503,460,49,107,21,0,22,60,1,0,35,118,0.233,0.298,0.42200000000000004,0.72,87.0,194,8,8,0,0,5,*3/D,5700000
Justin Morneau*\morneju01,35.0,CHW,AL,58,218,203,16,53,14,1,6,25,0,0,12,52,0.261,0.303,0.429,0.731,99.0,87,5,1,0,2,1,D,1000000
Max Moroff#\morofma01,23.0,PIT,NL,2,2,2,0,0,0,0,0,0,0,0,0,2,0.0,0.0,0.0,0.0,-100.0,0,0,0,0,0,0,,0
Logan Morrison*\morrilo01,28.0,TBR,AL,107,398,353,45,84,18,1,14,43,4,2,37,89,0.23800000000000002,0.319,0.414,0.733,101.0,146,4,6,0,2,1,3D,4200000
Mike Morse\morsemi01,34.0,PIT,NL,6,8,8,0,0,0,0,0,0,0,0,0,2,0.0,0.0,0.0,0.0,-100.0,0,0,0,0,0,0,/3D,8500000
Brandon Moss*\mossbr01,32.0,STL,NL,128,464,413,66,93,19,2,28,67,1,0,39,141,0.225,0.3,0.484,0.784,106.0,200,8,7,0,5,3,379,8250000
Mike Moustakas*\moustmi01,27.0,KCR,AL,27,113,104,12,25,6,0,7,13,0,1,9,13,0.24,0.301,0.5,0.8009999999999999,110.0,52,5,0,0,0,0,5,5600000
Steven Moya*\moyast01,24.0,DET,AL,31,100,94,9,24,4,2,5,11,0,1,5,38,0.255,0.29,0.5,0.79,108.0,47,0,0,0,1,0,9/7D,0
Max Muncy*\muncyma01,25.0,OAK,AL,51,133,113,13,21,2,0,2,8,0,0,20,24,0.18600000000000003,0.308,0.257,0.565,59.0,29,2,0,0,0,1,49/7D5,0
Daniel Murphy*\murphda08,31.0,WSN,NL,142,582,531,88,184,47,5,25,104,5,3,35,57,0.34700000000000003,0.39,0.595,0.985,155.0,316,4,8,0,8,10,*43/5D,8000000
John Ryan Murphy\murphjr01,25.0,MIN,AL,26,90,82,4,12,3,0,1,3,0,0,5,19,0.146,0.193,0.22,0.413,12.0,18,3,0,2,1,0,2,528700
Tom Murphy\murphto04,25.0,COL,NL,21,49,44,8,12,2,0,5,13,1,0,4,19,0.273,0.34700000000000003,0.659,1.006,144.0,29,2,1,0,0,0,2,0
Wil Myers\myerswi01,25.0,SDP,NL,157,676,599,99,155,29,4,28,94,28,6,68,160,0.259,0.336,0.461,0.797,115.0,276,12,4,0,5,1,*3/975,523900
Mike Napoli\napolmi01,34.0,CLE,AL,150,645,557,92,133,22,1,34,101,5,1,78,194,0.239,0.335,0.465,0.8,106.0,259,15,5,0,5,2,3D,7000000
Tyler Naquin*\naquity01,25.0,CLE,AL,116,365,321,52,95,18,5,14,43,6,3,36,112,0.29600000000000004,0.37200000000000005,0.514,0.8859999999999999,128.0,165,4,4,2,2,4,*8/9D,507500
Omar Narvaez*\narvaom01,24.0,CHW,AL,34,117,101,13,27,4,0,1,10,0,0,14,14,0.267,0.35,0.337,0.687,92.0,34,0,0,0,2,1,2,0
Daniel Nava#\navada01,33.0,TOT,AL,54,148,130,11,29,6,0,1,13,0,0,10,30,0.223,0.297,0.292,0.59,64.0,38,2,5,0,3,0,7/39D,0
Daniel Nava#\navada01,33.0,LAA,AL,45,136,119,10,28,5,0,1,13,0,0,9,26,0.235,0.309,0.303,0.611,71.0,36,2,5,0,3,0,7/9D,0
Daniel Nava#\navada01,33.0,KCR,AL,9,12,11,1,1,1,0,0,0,0,0,1,4,0.091,0.16699999999999998,0.182,0.348,-6.0,2,0,0,0,0,0,/3,0
Dioner Navarro#\navardi01,32.0,TOT,AL,101,334,304,26,63,13,2,6,35,1,2,23,71,0.207,0.265,0.322,0.5870000000000001,61.0,98,5,2,2,3,0,2/D,0
Dioner Navarro#\navardi01,32.0,CHW,AL,85,298,271,25,57,13,2,6,32,1,2,20,63,0.21,0.267,0.33899999999999997,0.606,66.0,92,5,2,2,3,0,2/D,0
Dioner Navarro#\navardi01,32.0,TOR,AL,16,36,33,1,6,0,0,0,3,0,0,3,8,0.182,0.25,0.182,0.43200000000000005,20.0,6,0,0,0,0,0,/2D,0
Brett Nicholas*\nichobr01,27.0,TEX,AL,15,45,40,5,11,5,0,2,4,0,0,4,9,0.275,0.35600000000000004,0.55,0.9059999999999999,133.0,22,2,1,0,0,0,2,0
Kirk Nieuwenhuis*\nieuwki01,28.0,MIL,NL,125,392,335,38,70,18,1,13,44,8,9,56,133,0.209,0.324,0.385,0.7090000000000001,87.0,129,5,1,0,0,1,*89/7,514000
Brandon Nimmo*\nimmobr01,23.0,NYM,NL,32,80,73,12,20,1,0,1,6,0,0,6,20,0.27399999999999997,0.33799999999999997,0.32899999999999996,0.6659999999999999,83.0,24,0,1,0,0,0,7/98,0
Nick Noonan*\noonani01,27.0,SDP,NL,7,20,18,0,3,0,0,0,1,0,1,1,5,0.16699999999999998,0.2,0.16699999999999998,0.36700000000000005,2.0,3,0,0,0,1,0,/64,0
Derek Norris\norride01,27.0,SDP,NL,125,458,415,50,77,17,0,14,42,9,2,36,139,0.18600000000000003,0.255,0.32799999999999996,0.583,58.0,136,9,4,0,3,5,*2/3,2925000
Eduardo Nunez\nunezed02,29.0,TOT,MLB,141,595,553,73,159,24,4,16,67,40,10,29,88,0.28800000000000003,0.325,0.43200000000000005,0.758,103.0,239,8,5,2,6,3,56/4D,0
Eduardo Nunez\nunezed02,29.0,MIN,AL,91,396,371,49,110,15,1,12,47,27,6,15,58,0.29600000000000004,0.325,0.439,0.764,105.0,163,6,3,2,5,0,65/D4,0
Eduardo Nunez\nunezed02,29.0,SFG,NL,50,199,182,24,49,9,3,4,20,13,4,14,30,0.26899999999999996,0.327,0.418,0.7440000000000001,101.0,76,2,2,0,1,3,5/64,0
Renato Nunez\nunezre01,22.0,OAK,AL,9,15,15,0,2,0,0,0,1,0,0,0,3,0.133,0.133,0.133,0.267,-26.0,2,0,0,0,0,0,/D,0
Peter O'Brien\obriepe01,25.0,ARI,NL,28,67,64,6,9,1,0,5,9,0,0,3,27,0.141,0.179,0.391,0.57,42.0,25,2,0,0,0,2,7/3,0
Shawn O'Malley#\omallsh01,28.0,SEA,AL,89,232,210,24,48,9,2,2,17,6,2,18,59,0.22899999999999998,0.299,0.319,0.618,71.0,67,4,3,1,0,0,6974/58D,0
Rougned Odor*\odorro01,22.0,TEX,AL,150,632,605,89,164,33,4,33,88,14,7,19,135,0.271,0.29600000000000004,0.502,0.7979999999999999,105.0,304,6,4,0,4,0,*4/D,522700
Hector Olivera\olivehe01,31.0,ATL,NL,6,21,19,2,4,1,0,0,2,0,0,1,5,0.21100000000000002,0.23800000000000002,0.263,0.501,35.0,5,1,0,0,1,0,/7,0
Matt Olson*\olsonma02,22.0,OAK,AL,11,28,21,3,2,1,0,0,0,0,0,7,4,0.095,0.321,0.14300000000000002,0.46399999999999997,36.0,3,1,0,0,0,0,/93,0
Paulo Orlando\orlanpa01,30.0,KCR,AL,128,484,457,52,138,24,4,5,43,14,3,13,105,0.302,0.32899999999999996,0.405,0.7340000000000001,96.0,185,12,7,3,3,1,*98/D,514250
Rafael Ortega*\ortegra01,25.0,LAA,AL,66,202,185,24,43,8,0,1,16,8,3,13,23,0.23199999999999998,0.28300000000000003,0.292,0.575,60.0,54,5,0,3,0,0,78/9D,0
David Ortiz*\ortizda01,40.0,BOS,AL,151,626,537,79,169,48,1,38,127,2,0,80,86,0.315,0.401,0.62,1.021,164.0,333,22,2,0,7,15,*D/3,16000000
Chris Owings\owingch01,24.0,ARI,NL,119,466,437,52,121,24,11,5,49,21,2,20,87,0.27699999999999997,0.315,0.41600000000000004,0.731,88.0,182,8,5,2,2,4,68/4,530500
Marcell Ozuna\ozunama01,25.0,MIA,NL,148,608,557,75,148,23,6,23,76,0,3,43,115,0.266,0.321,0.452,0.773,110.0,252,11,4,0,4,2,*87/9,570000
Jordan Pacheco\pachejo01,30.0,CIN,NL,31,51,51,1,8,4,0,0,0,0,0,0,14,0.157,0.157,0.235,0.392,2.0,12,1,0,0,0,0,/534D,0
Angel Pagan#\paganan01,34.0,SFG,NL,129,543,495,71,137,24,5,12,55,15,4,42,66,0.27699999999999997,0.331,0.418,0.75,102.0,207,11,0,0,3,1,*7/8,11250000
Joe Panik*\panikjo01,25.0,SFG,NL,127,526,464,67,111,21,7,10,62,5,0,50,47,0.239,0.315,0.379,0.695,88.0,176,14,4,3,5,5,*4,545000
Jimmy Paredes#\paredji01,27.0,TOT,MLB,83,167,158,15,35,8,0,5,19,0,1,7,48,0.222,0.253,0.36700000000000005,0.62,64.0,58,0,0,1,1,0,79/45D,0
Jimmy Paredes#\paredji01,27.0,TOR,AL,7,17,15,2,4,1,0,1,2,0,0,2,4,0.267,0.353,0.5329999999999999,0.8859999999999999,133.0,8,0,0,0,0,0,/54D9,0
Jimmy Paredes#\paredji01,27.0,PHI,NL,76,150,143,13,31,7,0,4,17,0,1,5,44,0.217,0.242,0.35,0.591,56.0,50,0,0,1,1,0,79/4,0
ByungHo Park\parkby01,29.0,MIN,AL,62,244,215,28,41,9,1,12,24,1,0,21,80,0.191,0.275,0.409,0.684,82.0,88,3,5,0,3,0,D3,2750000
Jarrett Parker*\parkeja03,27.0,SFG,NL,63,151,127,22,30,3,1,5,14,0,1,19,44,0.23600000000000002,0.358,0.39399999999999996,0.7509999999999999,104.0,50,3,5,0,0,1,97/D8,0
Chris Parmelee*\parmech01,28.0,NYY,AL,6,8,8,4,4,1,0,2,4,0,0,0,3,0.5,0.5,1.375,1.875,374.0,11,0,0,0,0,0,/3,0
Gerardo Parra*\parrage01,29.0,COL,NL,102,381,368,45,93,27,3,7,39,6,4,9,73,0.253,0.271,0.39899999999999997,0.6709999999999999,65.0,147,16,1,1,2,1,7398,8000000
Jordan Patterson*\pattejo03,24.0,COL,NL,10,19,18,1,8,1,0,0,2,0,1,1,1,0.444,0.474,0.5,0.9740000000000001,145.0,9,0,0,0,0,0,/937,0
Ben Paulsen*\paulsbe01,28.0,COL,NL,39,97,92,8,20,5,0,1,11,0,0,5,27,0.217,0.258,0.304,0.562,41.0,28,2,0,0,0,1,3/7,512500
Steve Pearce\pearcst01,33.0,TOT,AL,85,302,264,35,76,13,1,13,35,0,3,34,54,0.28800000000000003,0.374,0.49200000000000005,0.867,136.0,130,5,3,0,1,2,34D/795,0
Steve Pearce\pearcst01,33.0,TBR,AL,60,232,204,26,63,11,1,10,29,0,3,26,40,0.309,0.38799999999999996,0.52,0.9079999999999999,148.0,106,4,1,0,1,2,34D/5,0
Steve Pearce\pearcst01,33.0,BAL,AL,25,70,60,9,13,2,0,3,6,0,0,8,14,0.217,0.32899999999999996,0.4,0.7290000000000001,95.0,24,1,2,0,0,0,3/794D,0
Joc Pederson*\pederjo01,24.0,LAD,NL,137,476,406,64,100,26,0,25,68,6,2,63,130,0.24600000000000002,0.35200000000000004,0.495,0.847,126.0,201,5,4,1,2,4,*8,520000
Dustin Pedroia\pedrodu01,32.0,BOS,AL,154,698,633,105,201,36,1,15,74,7,4,61,73,0.318,0.376,0.449,0.825,117.0,284,24,0,1,3,0,*4,13000000
Brayan Pena#\penabr01,34.0,STL,NL,9,14,13,0,2,1,0,0,0,0,0,1,2,0.154,0.214,0.231,0.445,20.0,3,0,0,0,0,0,/23,2500000
Francisco Pena\penafr01,26.0,BAL,AL,14,43,40,5,8,0,0,1,3,0,0,2,14,0.2,0.23800000000000002,0.275,0.513,38.0,11,2,0,1,0,0,2,0
Ramiro Pena#\penara02,30.0,SFG,NL,30,91,87,9,26,6,1,1,10,0,0,2,16,0.299,0.33,0.425,0.755,103.0,37,0,2,0,0,1,45/6,0
Hunter Pence\pencehu01,33.0,SFG,NL,106,442,395,58,114,23,1,13,57,1,1,43,95,0.289,0.35700000000000004,0.451,0.8079999999999999,118.0,178,10,1,0,3,1,9,18500000
Cliff Pennington#\pennicl01,32.0,LAA,AL,74,188,172,18,36,4,2,3,10,1,0,13,55,0.209,0.265,0.308,0.573,58.0,53,4,0,3,0,0,46/35D,1500000
David Peralta*\peralda01,28.0,ARI,NL,48,183,171,23,43,9,5,4,15,2,0,8,42,0.251,0.295,0.433,0.728,86.0,74,3,3,0,1,1,9/8,529600
Jhonny Peralta\peraljh01,34.0,STL,NL,82,313,289,37,75,17,1,8,29,0,0,20,56,0.26,0.307,0.408,0.715,90.0,118,5,1,0,3,0,5/6D,12500000
Jose Peraza\perazjo01,22.0,CIN,NL,72,256,241,25,78,8,2,3,25,21,10,7,33,0.324,0.35200000000000004,0.41100000000000003,0.762,102.0,99,3,5,0,3,0,684/7D,507500
Carlos Perez\perezca02,25.0,LAA,AL,87,291,268,25,56,16,0,5,31,1,0,12,49,0.209,0.244,0.325,0.568,56.0,87,6,1,8,2,0,2/3D,513000
Hernan Perez\perezhe01,25.0,MIL,NL,123,430,404,50,110,18,3,13,56,34,7,18,94,0.272,0.302,0.428,0.73,91.0,173,6,1,3,4,0,594/8367,0
Roberto Perez\perezro02,27.0,CLE,AL,61,184,153,14,28,6,1,3,17,0,0,23,44,0.183,0.285,0.294,0.579,52.0,45,4,0,5,3,0,2,515800
Salvador Perez\perezsa02,26.0,KCR,AL,139,546,514,57,127,28,2,22,64,0,0,22,119,0.247,0.28800000000000003,0.43799999999999994,0.725,91.0,225,12,8,0,2,3,*2/D3,2000000
Yefri Perez#\perezye01,25.0,MIA,NL,12,3,3,5,2,1,0,0,0,4,2,0,1,0.667,0.667,1.0,1.6669999999999998,351.0,3,0,0,0,0,0,/64,0
Jace Peterson*\peterja01,26.0,ATL,NL,115,408,350,45,89,16,1,7,29,5,5,52,69,0.254,0.35,0.366,0.715,94.0,128,9,1,2,3,2,47/58,520500
Gregorio Petit\petitgr01,31.0,LAA,AL,89,223,204,21,50,13,1,2,17,1,1,15,51,0.245,0.299,0.348,0.647,79.0,71,7,1,2,1,1,465/7D9,0
Tommy Pham\phamth01,28.0,STL,NL,78,183,159,26,36,7,0,9,17,2,2,20,71,0.226,0.324,0.44,0.764,103.0,70,3,3,1,0,1,87/9,510000
Brandon Phillips\phillbr01,35.0,CIN,NL,141,584,550,74,160,34,1,11,64,14,8,18,68,0.29100000000000004,0.32,0.41600000000000004,0.736,94.0,229,17,8,2,6,3,*4/D,13000000
A.J. Pierzynski*\pierza.01,39.0,ATL,NL,81,259,247,15,54,15,0,2,23,1,0,6,29,0.21899999999999997,0.243,0.304,0.547,46.0,75,13,3,0,3,1,2,3000000
Kevin Pillar\pillake01,27.0,TOR,AL,146,584,548,59,146,35,2,7,53,14,6,24,90,0.266,0.303,0.376,0.679,81.0,206,12,6,3,3,0,*8,521100
Manny Pina\pinama01,29.0,MIL,NL,33,81,71,4,18,4,0,2,12,0,1,10,15,0.254,0.34600000000000003,0.39399999999999996,0.74,96.0,28,2,0,0,0,0,2/D,0
Chad Pinder\pindech01,24.0,OAK,AL,22,55,51,4,12,4,0,1,4,0,0,3,14,0.235,0.273,0.373,0.645,76.0,19,1,0,0,1,0,4/6D,0
Josmil Pinto\pintojo01,27.0,MIL,NL,6,6,5,1,0,0,0,0,0,0,0,1,4,0.0,0.16699999999999998,0.0,0.16699999999999998,-50.0,0,0,0,0,0,0,,0
Jose Pirela\pireljo01,26.0,SDP,NL,15,41,39,2,6,2,0,0,0,0,1,1,9,0.154,0.175,0.205,0.38,3.0,8,0,0,1,0,0,4/9,0
Stephen Piscotty\piscost01,25.0,STL,NL,153,649,582,86,159,35,3,22,85,7,5,51,133,0.273,0.34299999999999997,0.457,0.8,113.0,266,14,12,1,2,0,*98/3,512500
Kevin Plawecki\plaweke01,25.0,NYM,NL,48,151,132,6,26,6,0,1,11,0,0,17,33,0.19699999999999998,0.298,0.265,0.563,55.0,35,1,2,0,0,2,2,511360
Trevor Plouffe\plouftr01,30.0,MIN,AL,84,344,319,35,83,13,1,12,47,1,0,19,60,0.26,0.303,0.42,0.723,93.0,134,11,2,1,3,0,53/D,7250000
Gregory Polanco*\polangr01,24.0,PIT,NL,144,587,527,79,136,34,4,22,86,17,6,53,119,0.258,0.32299999999999995,0.46299999999999997,0.7859999999999999,107.0,244,13,0,1,6,6,*97/8D,535000
Jorge Polanco#\polanjo01,22.0,MIN,AL,69,270,245,24,69,15,4,4,27,4,3,17,46,0.282,0.332,0.424,0.757,103.0,104,3,3,2,3,0,6/54D,0
A.J. Pollock\polloaj01,28.0,ARI,NL,12,46,41,9,10,0,0,2,4,4,0,5,8,0.244,0.326,0.39,0.716,85.0,16,1,0,0,0,0,8,3500000
Dalton Pompey#\pompeda01,23.0,TOR,AL,8,2,2,3,0,0,0,0,0,2,1,0,1,0.0,0.0,0.0,0.0,-100.0,0,0,0,0,0,0,/D7,0
Buster Posey\poseybu01,29.0,SFG,NL,146,614,539,82,155,33,2,14,80,6,1,64,68,0.28800000000000003,0.36200000000000004,0.434,0.7959999999999999,115.0,234,18,3,0,8,7,*23/D,20000000
Martin Prado\pradoma01,32.0,MIA,NL,153,658,600,70,183,37,3,8,75,2,2,49,69,0.305,0.359,0.41700000000000004,0.775,113.0,250,24,4,0,5,4,*5/D,11000000
Alex Presley*\preslal01,30.0,TOT,MLB,50,134,121,12,24,2,0,3,11,0,2,11,25,0.198,0.26899999999999996,0.289,0.5579999999999999,48.0,35,2,1,0,1,1,79/8,0
Alex Presley*\preslal01,30.0,MIL,NL,47,129,116,12,23,2,0,3,11,0,2,11,25,0.198,0.271,0.293,0.564,50.0,34,2,1,0,1,1,97/8,0
Alex Presley*\preslal01,30.0,DET,AL,3,5,5,0,1,0,0,0,0,0,0,0,0,0.2,0.2,0.2,0.4,9.0,1,0,0,0,0,0,/87,0
Jurickson Profar#\profaju01,23.0,TEX,AL,90,307,272,35,65,6,3,5,20,2,1,30,61,0.239,0.321,0.33799999999999997,0.66,75.0,92,7,3,2,0,0,54376/D,605000
Yasiel Puig\puigya01,25.0,LAD,NL,104,368,334,45,88,14,2,11,45,5,2,24,74,0.263,0.32299999999999995,0.41600000000000004,0.74,98.0,139,10,7,0,3,0,9/78,7214000
Albert Pujols\pujolal01,36.0,LAA,AL,152,650,593,71,159,19,0,31,119,4,0,49,75,0.268,0.32299999999999995,0.457,0.78,113.0,271,24,2,0,6,6,*D3,25000000
Juniel Querecuto#\quereju01,23.0,TBR,AL,4,11,11,1,1,0,1,0,2,0,0,0,6,0.091,0.091,0.273,0.364,-5.0,3,0,0,0,0,0,/456,0
Roman Quinn#\quinnro01,23.0,PHI,NL,15,69,57,10,15,4,0,0,6,5,1,8,19,0.263,0.373,0.33299999999999996,0.706,92.0,19,0,2,2,0,0,7/98,0
Ryan Raburn\raburry01,35.0,COL,NL,113,256,223,30,49,10,2,9,30,0,0,28,80,0.22,0.309,0.40399999999999997,0.7120000000000001,77.0,90,6,2,0,3,0,7/D39,1500000
Alexei Ramirez\ramiral03,34.0,TOT,MLB,145,506,478,38,115,22,2,6,48,8,9,21,63,0.24100000000000002,0.27699999999999997,0.33299999999999996,0.61,66.0,159,8,4,1,2,3,*6/94D,3000000
Alexei Ramirez\ramiral03,34.0,SDP,NL,128,444,421,33,101,19,2,5,41,6,9,17,56,0.24,0.275,0.33,0.605,64.0,139,7,4,0,2,3,*6/9D,3000000
Alexei Ramirez\ramiral03,34.0,TBR,AL,17,62,57,5,14,3,0,1,7,2,0,4,7,0.24600000000000002,0.295,0.35100000000000003,0.6459999999999999,78.0,20,1,0,1,0,0,6/4,3000000
Hanley Ramirez\ramirha01,32.0,BOS,AL,147,620,549,81,157,28,1,30,111,9,3,60,120,0.28600000000000003,0.361,0.505,0.866,126.0,277,17,7,0,4,5,*3D,22750000
Jose Ramirez#\ramirjo01,23.0,CLE,AL,152,618,565,84,176,46,3,11,76,22,7,44,62,0.312,0.363,0.462,0.825,114.0,261,10,4,1,4,1,*57/46,518200
Wilson Ramos\ramoswi01,28.0,WSN,NL,131,523,482,58,148,25,0,22,80,0,0,35,79,0.307,0.354,0.496,0.85,121.0,239,17,2,0,4,2,*2,5350000
Colby Rasmus*\rasmuco01,29.0,HOU,AL,107,417,369,38,76,10,0,15,54,4,1,43,121,0.20600000000000002,0.28600000000000003,0.355,0.6409999999999999,77.0,131,5,0,1,4,0,789/D,15800000
J.T. Realmuto\realmjt01,25.0,MIA,NL,137,545,509,60,154,31,0,11,48,12,4,28,100,0.303,0.34299999999999997,0.428,0.7709999999999999,111.0,218,12,5,0,3,1,*2/D,532500
Anthony Recker\reckean01,32.0,ATL,NL,33,112,90,6,25,8,0,2,15,1,0,16,22,0.278,0.39399999999999996,0.433,0.828,123.0,39,0,2,3,1,1,2,0
Josh Reddick*\reddijo01,29.0,TOT,MLB,115,439,398,53,112,17,1,10,37,8,3,39,56,0.281,0.345,0.405,0.7490000000000001,105.0,161,8,0,0,1,5,*9/D,0
Josh Reddick*\reddijo01,29.0,OAK,AL,68,272,243,33,72,11,1,8,28,5,0,28,34,0.29600000000000004,0.368,0.449,0.816,124.0,109,7,0,0,1,5,9/D,0
Josh Reddick*\reddijo01,29.0,LAD,NL,47,167,155,20,40,6,0,2,9,3,3,11,22,0.258,0.307,0.335,0.643,74.0,52,1,0,0,0,0,9,0
AJ Reed*\reedaj01,23.0,HOU,AL,45,141,122,11,20,3,0,3,8,0,0,18,48,0.16399999999999998,0.27,0.262,0.532,49.0,32,1,0,0,1,0,3/D,0
Michael Reed\reedmi02,23.0,MIL,NL,8,24,22,3,4,0,0,0,0,1,0,2,7,0.182,0.25,0.182,0.43200000000000005,17.0,4,1,0,0,0,0,/87,0
Rob Refsnyder\refsnro01,25.0,NYY,AL,58,175,152,25,38,9,0,0,12,2,1,18,30,0.25,0.32799999999999996,0.309,0.637,73.0,47,5,1,0,3,2,39/475,0
Nolan Reimold\reimono01,32.0,BAL,AL,104,227,203,25,45,9,1,6,15,1,2,22,62,0.222,0.3,0.365,0.664,78.0,74,8,1,0,1,0,79/8D,1300000
Tony Renda\rendato01,25.0,CIN,NL,32,67,60,4,11,2,0,0,3,0,0,5,11,0.183,0.24600000000000002,0.217,0.46299999999999997,25.0,13,4,0,2,0,0,/4795,0
Anthony Rendon\rendoan01,26.0,WSN,NL,156,647,567,91,153,38,2,20,85,12,6,65,117,0.27,0.348,0.45,0.797,108.0,255,5,7,0,8,2,*5,2800000
Hunter Renfroe\renfrhu01,24.0,SDP,NL,11,36,35,8,13,3,0,4,14,0,0,1,5,0.371,0.389,0.8,1.189,213.0,28,1,0,0,0,1,/9,0
Ben Revere*\reverbe01,28.0,WSN,NL,103,375,350,44,76,9,7,2,24,14,5,18,34,0.217,0.26,0.3,0.56,47.0,105,12,3,2,2,0,87,6250000
Jose Reyes#\reyesjo01,33.0,NYM,NL,60,279,255,45,68,13,4,8,24,9,2,23,49,0.267,0.326,0.44299999999999995,0.769,106.0,113,3,0,0,1,1,56,0
Mark Reynolds\reynoma01,32.0,COL,NL,118,441,393,61,111,24,0,14,53,1,2,42,112,0.282,0.35600000000000004,0.45,0.8059999999999999,101.0,177,6,4,0,2,1,*3/4,2600000
Matt Reynolds\reynoma03,25.0,NYM,NL,47,96,89,11,20,8,0,3,13,0,1,4,34,0.225,0.266,0.41600000000000004,0.682,81.0,37,2,1,2,0,0,6/547,0
Joey Rickard\rickajo01,25.0,BAL,AL,85,282,257,32,69,13,0,5,19,4,1,18,54,0.268,0.319,0.377,0.696,87.0,97,3,2,3,2,0,978,507500
Rene Rivera\riverre01,32.0,NYM,NL,65,207,185,12,41,4,0,6,26,0,0,16,54,0.222,0.29100000000000004,0.341,0.632,71.0,63,4,3,1,2,3,2/3D,0
T.J. Rivera\rivertj01,27.0,NYM,NL,33,113,105,10,35,4,1,3,16,0,0,3,17,0.33299999999999996,0.345,0.47600000000000003,0.821,120.0,50,2,1,0,4,0,4/53,0
Yadiel Rivera\riverya01,24.0,MIL,NL,35,71,66,12,14,4,0,0,3,0,0,2,20,0.212,0.235,0.273,0.508,34.0,18,4,0,3,0,0,54/6,508600
Anthony Rizzo*\rizzoan01,26.0,CHC,NL,155,676,583,94,170,43,4,32,109,3,5,74,108,0.292,0.385,0.544,0.9279999999999999,143.0,317,13,16,0,3,8,*3/4,5000000
Daniel Robertson\roberda09,30.0,SEA,AL,9,21,19,1,5,1,0,0,1,0,1,1,3,0.263,0.3,0.316,0.616,71.0,6,2,0,1,0,0,/798,0
Clint Robinson*\robincl01,31.0,WSN,NL,104,224,196,16,46,4,0,5,26,0,0,20,38,0.235,0.305,0.332,0.637,68.0,65,4,2,1,5,0,3/7D,534900
Shane Robinson\robinsh01,31.0,LAA,AL,65,111,98,16,17,3,0,1,10,3,2,10,17,0.17300000000000001,0.257,0.235,0.49200000000000005,38.0,23,3,1,2,0,0,78/9D,0
Alex Rodriguez\rodrial01,40.0,NYY,AL,65,243,225,19,45,7,0,9,31,3,0,14,67,0.2,0.247,0.35100000000000003,0.598,58.0,79,4,1,0,3,0,D/5,21000000
Sean Rodriguez\rodrise01,31.0,PIT,NL,140,342,300,49,81,16,1,18,56,2,1,33,102,0.27,0.349,0.51,0.8590000000000001,127.0,153,6,5,1,3,2,346957/8,2500000
Jason Rogers\rogerja02,28.0,PIT,NL,23,33,25,2,2,0,1,0,2,0,0,7,9,0.08,0.303,0.16,0.46299999999999997,30.0,4,1,1,0,0,0,/35,0
Miguel Rojas\rojasmi02,27.0,MIA,NL,123,214,194,27,48,12,0,1,14,2,1,11,27,0.247,0.28800000000000003,0.325,0.613,69.0,63,10,1,6,2,2,4365,511000
Jimmy Rollins#\rolliji01,37.0,CHW,AL,41,166,149,25,33,8,1,2,8,5,2,16,33,0.221,0.295,0.32899999999999996,0.624,72.0,49,2,0,0,1,0,6/D,2000000
Stefen Romero\romerst01,27.0,SEA,AL,9,19,17,1,4,1,0,0,3,0,0,1,4,0.235,0.263,0.294,0.557,54.0,5,0,0,0,1,0,/793,0
Austin Romine\rominau01,27.0,NYY,AL,62,176,165,17,40,11,0,4,26,1,0,7,31,0.242,0.26899999999999996,0.382,0.65,71.0,63,7,0,1,3,1,2/3D,556000
Jose Rondon\rondojo02,22.0,SDP,NL,8,26,25,1,3,0,0,0,1,0,0,1,4,0.12,0.154,0.12,0.27399999999999997,-24.0,3,1,0,0,0,0,/6,0
Adam Rosales\rosalad01,33.0,SDP,NL,105,248,214,37,49,12,3,13,35,4,0,29,88,0.22899999999999998,0.319,0.495,0.8140000000000001,118.0,106,2,1,0,4,2,546/73D9,800000
Alberto Rosario\rosaral01,29.0,STL,NL,20,41,38,3,7,2,0,0,2,0,0,2,5,0.184,0.225,0.237,0.462,25.0,9,2,0,1,0,0,2/5,0
Eddie Rosario*\rosared01,24.0,MIN,AL,92,354,335,52,90,17,2,10,32,5,2,12,91,0.26899999999999996,0.295,0.42100000000000004,0.716,91.0,141,4,2,2,3,2,78/9,542500
David Ross\rossda01,39.0,CHC,NL,67,205,166,24,38,6,0,10,32,0,1,30,54,0.22899999999999998,0.33799999999999997,0.446,0.784,106.0,74,3,0,4,5,6,2,2500000
Ryan Rua\ruary01,26.0,TEX,AL,99,269,240,40,62,8,1,8,22,9,0,21,76,0.258,0.331,0.4,0.731,92.0,96,8,6,0,2,2,73/8D95,510120
Darin Ruf\rufda01,29.0,PHI,NL,43,89,83,8,17,2,0,3,9,0,1,4,25,0.205,0.23600000000000002,0.337,0.573,51.0,28,5,0,0,2,0,37,527000
Justin Ruggiano\ruggiju01,34.0,TOT,MLB,9,26,24,4,8,1,0,2,7,0,1,2,10,0.33299999999999996,0.385,0.625,1.01,167.0,15,1,0,0,0,0,/879,1650000
Justin Ruggiano\ruggiju01,34.0,TEX,AL,1,4,4,0,1,1,0,0,1,0,0,0,1,0.25,0.25,0.5,0.75,90.0,2,0,0,0,0,0,/7,1650000
Justin Ruggiano\ruggiju01,34.0,NYM,NL,8,22,20,4,7,0,0,2,6,0,1,2,9,0.35,0.409,0.65,1.0590000000000002,182.0,13,1,0,0,0,0,/89,1650000
Carlos Ruiz\ruizca01,37.0,TOT,NL,62,233,201,21,53,8,0,3,15,3,1,27,33,0.264,0.365,0.348,0.713,93.0,70,4,5,0,0,1,2/D,0
Carlos Ruiz\ruizca01,37.0,PHI,NL,48,193,165,18,43,6,0,3,12,3,1,24,28,0.261,0.368,0.35200000000000004,0.7190000000000001,95.0,58,3,4,0,0,1,2/D,0
Carlos Ruiz\ruizca01,37.0,LAD,NL,14,40,36,3,10,2,0,0,3,0,0,3,5,0.278,0.35,0.33299999999999996,0.6829999999999999,87.0,12,1,1,0,0,0,/2,0
Rio Ruiz*\ruizri01,22.0,ATL,NL,5,7,7,1,2,0,1,0,2,1,0,0,2,0.28600000000000003,0.28600000000000003,0.5710000000000001,0.857,123.0,4,0,0,0,0,0,/5,0
Cameron Rupp\ruppca01,27.0,PHI,NL,105,419,389,36,98,26,1,16,54,1,0,24,114,0.252,0.303,0.447,0.75,98.0,174,11,5,0,1,0,2,518000
Addison Russell\russead02,22.0,CHC,NL,151,598,525,67,125,25,3,21,95,5,1,55,135,0.23800000000000002,0.321,0.41700000000000004,0.738,94.0,219,11,12,0,6,6,*6,527000
Josh Rutledge\rutlejo01,27.0,BOS,AL,28,56,49,9,13,6,0,0,3,2,0,6,19,0.265,0.345,0.38799999999999996,0.733,94.0,19,3,0,1,0,0,5/46,0
Brendan Ryan\ryanbr01,34.0,LAA,AL,17,14,13,1,1,0,0,0,0,0,0,0,7,0.077,0.077,0.077,0.154,-57.0,1,0,0,1,0,0,6/7,0
Tyler Saladino\saladty01,26.0,CHW,AL,93,319,298,33,84,14,0,8,38,11,5,13,62,0.282,0.315,0.409,0.725,98.0,122,11,3,2,3,0,465/3D879,513000
Jarrod Saltalamacchia#\saltaja01,31.0,DET,AL,92,292,246,30,42,5,1,12,38,0,0,41,104,0.171,0.284,0.34600000000000003,0.63,70.0,85,1,0,0,5,1,23/D,507500
Gary Sanchez\sanchga02,23.0,NYY,AL,53,229,201,34,60,12,0,20,42,1,0,24,57,0.299,0.376,0.657,1.032,168.0,132,5,2,0,2,2,2D,0
Hector Sanchez#\sanchhe01,26.0,TOT,MLB,28,54,49,3,13,1,0,3,8,0,0,4,10,0.265,0.33299999999999996,0.469,0.8029999999999999,116.0,23,0,1,0,0,0,2,0
Hector Sanchez#\sanchhe01,26.0,CHW,AL,2,8,7,0,1,0,0,0,1,0,0,1,2,0.14300000000000002,0.25,0.14300000000000002,0.39299999999999996,13.0,1,0,0,0,0,0,/2,0
Hector Sanchez#\sanchhe01,26.0,SDP,NL,26,46,42,3,12,1,0,3,7,0,0,3,8,0.28600000000000003,0.348,0.524,0.872,133.0,22,0,1,0,0,0,2,0
Yolmer Sanchez#\sanchca01,24.0,CHW,AL,53,163,154,15,32,9,1,4,21,0,1,5,42,0.20800000000000002,0.23600000000000002,0.35700000000000004,0.593,60.0,55,1,1,2,1,0,4/56D,0
Pablo Sandoval#\sandopa01,29.0,BOS,AL,3,7,6,0,0,0,0,0,0,0,0,1,4,0.0,0.14300000000000002,0.0,0.14300000000000002,-57.0,0,0,0,0,0,0,/5,17600000
Jerry Sands\sandsje01,28.0,CHW,AL,24,58,55,2,13,0,0,1,7,0,0,3,24,0.23600000000000002,0.276,0.29100000000000004,0.5670000000000001,57.0,16,3,0,0,0,0,D/379,535000
Miguel Sano\sanomi01,23.0,MIN,AL,116,495,437,57,103,22,1,25,66,1,0,54,178,0.23600000000000002,0.319,0.462,0.7809999999999999,108.0,202,8,1,0,3,1,59D,547500
Carlos Santana#\santaca01,30.0,CLE,AL,158,688,582,89,151,31,3,34,87,5,2,99,99,0.259,0.366,0.498,0.865,123.0,290,18,2,0,5,0,D3,8250000
Danny Santana#\santada01,25.0,MIN,AL,75,248,233,29,56,10,2,2,14,12,9,12,55,0.24,0.27899999999999997,0.326,0.606,64.0,76,1,1,1,1,0,87/9D465,537500
Domingo Santana\santado01,23.0,MIL,NL,77,281,246,34,63,14,0,11,32,2,3,32,91,0.256,0.345,0.447,0.792,108.0,110,7,2,0,1,0,9/78,513800
Luis Sardinas#\sardilu01,23.0,SDP,NL,34,120,108,13,31,6,1,2,13,3,1,11,23,0.287,0.353,0.41700000000000004,0.77,109.0,45,0,0,1,0,3,6/4,512000
Michael Saunders*\saundmi01,29.0,TOR,AL,140,558,490,70,124,32,3,24,57,1,2,59,157,0.253,0.33799999999999997,0.478,0.815,116.0,234,14,5,1,3,2,*79/D8,2900000
Logan Schafer*\schaflo01,29.0,MIN,AL,26,74,63,8,15,3,1,0,1,0,0,8,16,0.23800000000000002,0.342,0.317,0.66,81.0,20,0,2,1,0,0,7/98D,0
Scott Schebler*\schebsc01,25.0,CIN,NL,82,282,257,36,68,12,2,9,40,2,4,19,59,0.265,0.33,0.43200000000000005,0.762,101.0,111,5,6,0,0,2,987,507500
Ryan Schimpf*\schimry01,28.0,SDP,NL,89,330,276,48,60,17,5,20,51,1,1,42,105,0.217,0.336,0.5329999999999999,0.8690000000000001,132.0,147,3,9,0,3,3,45/7,0
Jonathan Schoop\schoojo01,24.0,BAL,AL,162,647,615,82,164,38,1,25,82,1,2,21,137,0.267,0.298,0.45399999999999996,0.752,98.0,279,16,8,0,3,0,*4,522500
Kyle Schwarber*\schwaky01,23.0,CHC,NL,2,5,4,0,0,0,0,0,0,0,0,1,2,0.0,0.2,0.0,0.2,-40.0,0,0,0,0,0,0,/7,522000
Xavier Scruggs\scrugxa01,28.0,MIA,NL,24,69,62,1,13,3,0,1,5,0,0,5,20,0.21,0.29,0.306,0.596,65.0,19,1,2,0,0,0,3/7,0
Corey Seager*\seageco01,22.0,LAD,NL,157,687,627,105,193,40,5,26,72,3,3,54,133,0.308,0.365,0.512,0.877,134.0,321,12,4,0,2,5,*6,510000
Kyle Seager*\seageky01,28.0,SEA,AL,158,676,597,89,166,36,3,30,99,3,1,69,108,0.278,0.359,0.499,0.8590000000000001,133.0,298,18,8,0,2,10,*5/D,8000000
Rob Segedin\segedro01,27.0,LAD,NL,40,83,73,9,17,2,1,2,12,0,0,6,22,0.233,0.301,0.37,0.6709999999999999,80.0,27,1,2,0,2,0,/3795,0
Jean Segura\segurje01,26.0,ARI,NL,153,694,637,102,203,41,7,20,64,33,10,39,101,0.319,0.368,0.499,0.867,122.0,318,6,12,4,2,1,*46,2600000
Steve Selsky\selskst01,26.0,CIN,NL,24,54,51,9,16,2,0,2,7,1,0,2,22,0.314,0.34,0.47100000000000003,0.81,113.0,24,1,0,1,0,0,9/78,0
Marcus Semien\semiema01,25.0,OAK,AL,159,621,568,72,135,27,2,27,75,10,2,51,139,0.23800000000000002,0.3,0.435,0.735,99.0,247,12,0,1,1,1,*6,512500
Pedro Severino\severpe01,22.0,WSN,NL,16,34,28,6,9,2,0,2,4,0,0,5,3,0.321,0.441,0.607,1.048,173.0,17,0,1,0,0,0,2,0
Richie Shaffer\shaffri01,25.0,TBR,AL,20,54,48,5,12,6,0,1,4,0,1,5,18,0.25,0.315,0.43799999999999994,0.752,105.0,21,0,0,0,1,0,3/D59,0
Travis Shaw*\shawtr01,26.0,BOS,AL,145,530,480,63,116,34,2,16,71,5,1,43,133,0.242,0.306,0.42100000000000004,0.726,90.0,202,10,3,0,4,4,53/D7,515000
Andrelton Simmons\simmoan01,26.0,LAA,AL,124,483,448,48,126,22,2,4,44,10,1,28,38,0.281,0.324,0.366,0.69,91.0,164,16,2,1,4,0,*6,6000000
Kevan Smith\smithke04,28.0,CHW,AL,7,16,16,2,2,0,0,0,0,0,0,0,6,0.125,0.125,0.125,0.25,-31.0,2,1,0,0,0,0,/2D,0
Mallex Smith*\smithma05,23.0,ATL,NL,72,215,189,28,45,7,4,3,22,16,8,20,48,0.23800000000000002,0.316,0.365,0.6809999999999999,83.0,69,3,2,3,1,0,87/9,0
Seth Smith*\smithse01,33.0,SEA,AL,137,438,378,62,94,15,0,16,63,0,0,48,89,0.249,0.342,0.415,0.758,108.0,157,11,8,0,4,1,*97D,6750000
Justin Smoak#\smoakju01,29.0,TOR,AL,126,341,299,33,65,10,0,14,34,1,0,40,112,0.217,0.314,0.391,0.705,88.0,117,7,2,0,0,1,*3/D,3900000
Jake Smolinski\smolija01,27.0,OAK,AL,99,319,290,28,69,6,2,7,27,1,2,19,44,0.23800000000000002,0.299,0.345,0.644,77.0,100,11,7,1,2,0,897/D,0
Brandon Snyder\snydebr03,29.0,ATL,NL,37,47,46,8,11,5,1,4,9,0,0,1,16,0.239,0.255,0.652,0.907,133.0,30,1,0,0,0,0,/537,0
Donovan Solano\solando01,28.0,NYY,AL,9,23,22,5,5,2,0,1,2,0,0,1,3,0.22699999999999998,0.261,0.455,0.715,86.0,10,0,0,0,0,0,/45D,0
Yangervis Solarte#\solarya01,28.0,SDP,NL,109,443,405,55,116,26,1,15,71,1,1,30,63,0.28600000000000003,0.341,0.467,0.8079999999999999,118.0,189,7,5,0,3,1,54/3,525500
Jorge Soler\solerjo01,24.0,CHC,NL,86,264,227,37,54,9,0,12,31,0,0,31,66,0.23800000000000002,0.33299999999999996,0.436,0.769,103.0,99,5,3,0,3,0,7/D9,3666667
Geovany Soto\sotoge01,33.0,LAA,AL,26,86,78,11,21,5,0,4,9,0,0,6,21,0.26899999999999996,0.321,0.48700000000000004,0.809,120.0,38,1,0,2,0,0,2/35,2800000
Steven Souza Jr.\souzast01,27.0,TBR,AL,120,468,430,58,106,17,1,17,49,7,6,31,159,0.247,0.303,0.409,0.713,95.0,176,5,5,0,2,0,*9/D8,516100
Denard Span*\spande01,32.0,SFG,NL,143,637,572,70,152,23,5,11,53,12,7,53,79,0.266,0.331,0.381,0.7120000000000001,93.0,218,8,4,6,2,2,*8,5000000
Cory Spangenberg*\spangco01,25.0,SDP,NL,14,53,48,6,11,1,1,1,8,1,0,4,13,0.22899999999999998,0.302,0.354,0.6559999999999999,78.0,17,0,1,0,0,0,4,517700
George Springer\springe01,26.0,HOU,AL,162,744,644,116,168,29,5,29,82,9,10,88,178,0.261,0.359,0.457,0.815,125.0,294,12,11,0,1,2,*9D/8,522400
Jacob Stallings\stallja01,26.0,PIT,NL,5,15,15,0,6,1,0,0,2,1,0,0,4,0.4,0.4,0.467,0.867,132.0,7,0,0,0,0,0,/2,0
Giancarlo Stanton\stantmi03,26.0,MIA,NL,119,470,413,56,99,20,1,27,74,0,0,50,140,0.24,0.326,0.489,0.815,120.0,202,6,4,0,2,5,9/D,9000000
Max Stassi\stassma01,25.0,HOU,AL,9,13,13,1,1,0,0,0,0,0,0,0,5,0.077,0.077,0.077,0.154,-57.0,1,0,0,0,0,0,/2,508200
Chris Stewart\stewach01,34.0,PIT,NL,34,113,98,10,21,4,0,1,7,0,0,12,15,0.214,0.319,0.28600000000000003,0.604,64.0,28,2,3,0,0,2,2/3,1350000
Trevor Story\storytr01,23.0,COL,NL,97,415,372,67,101,21,4,27,72,8,5,35,130,0.272,0.341,0.5670000000000001,0.909,122.0,211,5,5,2,1,2,6,507500
Drew Stubbs\stubbdr01,31.0,TOT,MLB,59,94,80,13,18,0,0,3,7,9,1,12,38,0.225,0.33,0.33799999999999997,0.667,80.0,27,1,1,0,1,0,798/D,0
Drew Stubbs\stubbdr01,31.0,TOT,AL,39,52,42,7,9,0,0,2,4,5,1,8,18,0.214,0.34600000000000003,0.35700000000000004,0.703,88.0,15,0,1,0,1,0,97/8D,0
Drew Stubbs\stubbdr01,31.0,ATL,NL,20,42,38,6,9,0,0,1,3,4,0,4,20,0.237,0.31,0.316,0.625,69.0,12,1,0,0,0,0,8/7,0
Drew Stubbs\stubbdr01,31.0,TEX,AL,19,25,20,6,6,0,0,2,3,4,0,4,7,0.3,0.4,0.6,1.0,158.0,12,0,0,0,1,0,/798D,0
Drew Stubbs\stubbdr01,31.0,BAL,AL,20,27,22,1,3,0,0,0,1,1,1,4,11,0.136,0.29600000000000004,0.136,0.433,23.0,3,0,1,0,0,0,9/78D,0
Eugenio Suarez\suareeu01,24.0,CIN,NL,159,627,565,78,140,25,2,21,70,11,5,51,155,0.248,0.317,0.41100000000000003,0.728,92.0,232,10,8,0,3,0,*5/6D,545000
Jesus Sucre\sucreje01,28.0,SEA,AL,9,29,25,4,12,2,0,1,5,0,0,2,5,0.48,0.552,0.68,1.232,238.0,17,1,2,0,0,0,/2,512000
Andrew Susac\susacan01,26.0,MIL,NL,9,19,17,3,4,1,0,1,2,0,0,2,5,0.235,0.316,0.47100000000000003,0.7859999999999999,105.0,8,0,0,0,0,0,/2,0
Ichiro Suzuki*\suzukic01,42.0,MIA,NL,143,365,327,48,95,15,5,1,22,10,2,30,42,0.29100000000000004,0.354,0.376,0.73,102.0,123,4,3,3,2,1,987/D,2000000
Kurt Suzuki\suzukku01,32.0,MIN,AL,106,373,345,34,89,24,1,8,49,0,0,18,48,0.258,0.301,0.40299999999999997,0.7040000000000001,89.0,139,9,5,1,4,0,2/D,6000000
Dansby Swanson\swansda01,22.0,ATL,NL,38,145,129,20,39,7,1,3,17,3,0,13,34,0.302,0.361,0.442,0.8029999999999999,115.0,57,2,0,1,2,5,6,0
Blake Swihart#\swihabl01,24.0,BOS,AL,19,74,62,9,16,0,3,0,5,0,1,11,17,0.258,0.365,0.355,0.72,92.0,22,0,0,0,1,0,7/2,518500
Matt Szczur\szczuma01,26.0,CHC,NL,107,200,185,30,48,9,1,5,24,2,4,13,39,0.259,0.312,0.4,0.7120000000000001,88.0,74,2,1,1,0,2,789,511500
Raimel Tapia*\tapiara01,22.0,COL,NL,22,41,38,4,10,0,0,0,3,3,0,2,11,0.263,0.293,0.263,0.556,42.0,10,0,0,0,1,0,/879,0
Chris Taylor\tayloch03,25.0,TOT,MLB,36,65,61,8,13,2,2,1,7,0,0,4,15,0.213,0.262,0.361,0.622,66.0,22,3,0,0,0,1,5/46D,0
Chris Taylor\tayloch03,25.0,SEA,AL,2,3,3,0,1,0,0,0,0,0,0,0,2,0.33299999999999996,0.33299999999999996,0.33299999999999996,0.667,85.0,1,0,0,0,0,0,/D6,0
Chris Taylor\tayloch03,25.0,LAD,NL,34,62,58,8,12,2,2,1,7,0,0,4,13,0.207,0.258,0.36200000000000004,0.62,65.0,21,3,0,0,0,1,5/46,0
Michael A. Taylor\taylomi02,25.0,WSN,NL,76,237,221,28,51,11,0,7,16,14,3,14,77,0.231,0.278,0.376,0.654,70.0,83,2,1,0,1,0,8/97,524900
Mark Teixeira#\teixema01,36.0,NYY,AL,116,438,387,43,79,16,0,15,44,2,0,47,105,0.204,0.292,0.36200000000000004,0.654,74.0,140,7,2,0,2,1,*3/D,23125000
Ruben Tejada\tejadru01,26.0,SFG,NL,13,38,32,3,5,3,0,0,2,0,0,5,5,0.156,0.27,0.25,0.52,43.0,8,0,0,1,0,0,5/4,1500000
Tomas Telis#\telisto01,25.0,MIA,NL,10,13,13,1,4,0,0,1,4,0,0,0,2,0.308,0.308,0.5379999999999999,0.846,127.0,7,0,0,0,0,0,/2,0
Josh Thole*\tholejo01,29.0,TOR,AL,50,136,118,7,20,3,0,1,7,0,0,13,28,0.16899999999999998,0.254,0.22,0.474,30.0,26,4,1,2,2,0,2,800000
Trayce Thompson\thomptr01,25.0,LAD,NL,80,262,236,31,53,11,0,13,32,5,1,26,66,0.225,0.302,0.436,0.738,96.0,103,3,0,0,0,0,897,512500
Charlie Tilson*\tilsoch01,23.0,CHW,AL,1,2,2,0,1,0,0,0,0,0,0,0,0,0.5,0.5,0.5,1.0,178.0,1,0,0,0,0,0,/8,0
Andrew Toles*\tolesan01,24.0,LAD,NL,48,115,105,19,33,9,1,3,16,1,1,8,25,0.314,0.365,0.505,0.87,132.0,53,1,1,0,1,2,7/89,0
Yasmany Tomas\tomasya01,25.0,ARI,NL,140,563,530,72,144,30,1,31,83,2,4,31,136,0.272,0.313,0.508,0.82,108.0,269,18,1,0,1,4,*97/3,7500000
Kelby Tomlinson\tomlike01,26.0,SFG,NL,52,120,106,13,31,4,0,0,6,5,1,12,18,0.292,0.37,0.33,0.7,93.0,35,1,1,1,0,1,4/657,512500
Ronald Torreyes\torrero01,23.0,NYY,AL,72,169,155,20,40,7,4,1,12,2,1,10,20,0.258,0.305,0.374,0.68,81.0,58,4,1,1,1,0,564/D9,508600
Devon Travis\travide01,25.0,TOR,AL,101,432,410,54,123,28,1,11,50,4,1,20,87,0.3,0.332,0.45399999999999996,0.785,108.0,186,6,0,1,1,0,4/D,511200
Mike Trout\troutmi01,24.0,LAA,AL,159,681,549,123,173,32,5,29,100,30,7,116,137,0.315,0.441,0.55,0.991,172.0,302,5,11,0,5,12,*8D,16083000
Mark Trumbo\trumbma01,30.0,BAL,AL,159,667,613,94,157,27,1,47,108,2,0,51,170,0.256,0.316,0.5329999999999999,0.85,122.0,327,14,3,0,0,1,9D/37,9150000
Preston Tucker*\tuckepr01,25.0,HOU,AL,48,144,134,11,22,8,1,4,8,0,0,8,40,0.16399999999999998,0.222,0.32799999999999996,0.551,50.0,44,2,2,0,0,0,D7/9,515000
Matt Tuiasosopo\tuiasma01,30.0,ATL,NL,3,3,3,0,0,0,0,0,0,0,0,0,1,0.0,0.0,0.0,0.0,-100.0,0,0,0,0,0,0,,0
Troy Tulowitzki\tulowtr01,31.0,TOR,AL,131,544,492,54,125,21,0,24,79,1,0,43,101,0.254,0.318,0.44299999999999995,0.7609999999999999,102.0,218,14,5,0,4,1,*6/D,20000000
Justin Turner\turneju01,31.0,LAD,NL,151,622,556,79,153,34,3,27,90,4,1,48,107,0.275,0.33899999999999997,0.493,0.8320000000000001,121.0,274,16,10,0,8,1,*5/D3,5100000
Trea Turner\turnetr01,23.0,WSN,NL,73,324,307,53,105,14,8,13,40,33,6,14,59,0.342,0.37,0.5670000000000001,0.937,142.0,174,1,1,0,2,0,84/6,0
Justin Upton\uptonju01,28.0,DET,AL,153,626,570,81,140,28,2,31,87,9,4,50,179,0.24600000000000002,0.31,0.465,0.775,106.0,265,15,4,0,2,3,*7/8D,22125000
Melvin Upton Jr.\uptonbj01,31.0,TOT,MLB,149,539,492,64,117,15,3,20,61,27,8,37,155,0.23800000000000002,0.29100000000000004,0.402,0.693,86.0,198,6,2,1,6,1,*78/9D,0
Melvin Upton Jr.\uptonbj01,31.0,SDP,NL,92,374,344,46,88,11,2,16,45,20,5,23,106,0.256,0.304,0.439,0.743,99.0,151,5,2,1,3,1,78/9,0
Melvin Upton Jr.\uptonbj01,31.0,TOR,AL,57,165,148,18,29,4,1,4,16,7,3,14,49,0.196,0.261,0.318,0.578,55.0,47,1,0,0,3,0,78/9D,0
Juan Uribe\uribeju01,37.0,CLE,AL,73,259,238,19,49,9,0,7,25,0,0,15,49,0.20600000000000002,0.259,0.332,0.591,53.0,79,6,3,0,3,1,5/D,4000000
Chase Utley*\utleych01,37.0,LAD,NL,138,565,512,79,129,26,3,14,52,2,2,40,115,0.252,0.319,0.396,0.716,92.0,203,0,11,1,1,1,*4/5,7000000
Pat Valaika\valaipa01,23.0,COL,NL,13,19,19,3,5,1,0,1,2,0,0,0,8,0.263,0.263,0.474,0.737,79.0,9,0,0,0,0,0,/546,0
Luis Valbuena*\valbulu01,30.0,HOU,AL,90,342,292,38,76,17,1,13,40,1,1,44,81,0.26,0.35700000000000004,0.45899999999999996,0.816,125.0,134,5,1,3,2,2,5/34,6125000
Danny Valencia\valenda01,31.0,OAK,AL,130,517,471,72,135,22,1,17,51,1,1,41,115,0.287,0.34600000000000003,0.446,0.792,116.0,210,11,3,0,2,1,593/D7,3150000
Scott Van Slyke\vanslsc01,29.0,LAD,NL,52,113,102,10,23,6,0,1,7,1,2,5,24,0.225,0.292,0.314,0.606,64.0,32,3,5,0,1,1,79/38,1225000
Kennys Vargas#\vargake01,25.0,MIN,AL,47,177,152,27,35,11,0,10,20,0,0,24,57,0.23,0.33299999999999996,0.5,0.833,122.0,76,2,0,0,1,1,3D,0
Christian Vazquez\vazquch01,25.0,BOS,AL,57,184,172,21,39,9,1,1,12,0,0,10,39,0.22699999999999998,0.27699999999999997,0.308,0.585,55.0,53,3,2,0,0,1,2/D,513000
Will Venable*\venabwi01,33.0,LAD,NL,12,19,18,2,1,1,0,0,0,0,0,0,5,0.055999999999999994,0.105,0.111,0.21600000000000003,-41.0,2,0,1,0,0,0,/97,0
Jonathan Villar#\villajo01,25.0,MIL,NL,156,679,589,92,168,38,3,19,63,62,18,79,174,0.285,0.369,0.457,0.826,117.0,269,7,2,5,4,4,654,512900
Daniel Vogelbach*\vogelda01,23.0,SEA,AL,8,13,12,0,1,0,0,0,0,0,0,1,6,0.083,0.154,0.083,0.237,-31.0,1,0,0,0,0,0,/3D,0
Stephen Vogt*\vogtst01,31.0,OAK,AL,137,532,490,54,123,30,2,14,56,0,0,35,83,0.251,0.305,0.406,0.711,94.0,199,6,4,0,3,3,*2D/3,527500
Joey Votto*\vottojo01,32.0,CIN,NL,158,677,556,101,181,34,2,29,97,8,1,108,120,0.326,0.434,0.55,0.985,160.0,306,16,5,0,8,15,*3/D,20000000
Kyle Waldrop*\waldrky02,24.0,CIN,NL,15,23,22,1,5,1,0,0,1,0,1,1,5,0.22699999999999998,0.261,0.273,0.534,43.0,6,0,0,0,0,0,/79D,0
Neil Walker#\walkene01,30.0,NYM,NL,113,458,412,57,116,9,1,23,55,3,1,42,84,0.282,0.34700000000000003,0.47600000000000003,0.823,121.0,196,11,1,0,3,3,*4,10550000
Brett Wallace*\wallabr01,29.0,SDP,NL,119,256,217,19,41,10,0,6,20,0,0,29,83,0.18899999999999997,0.309,0.318,0.627,72.0,69,2,9,0,1,3,53/D,1000000
Colin Walsh#\walshco02,26.0,MIL,NL,38,63,47,4,4,1,0,0,2,0,0,15,22,0.085,0.317,0.106,0.424,20.0,5,1,1,0,0,0,5/74,507500
Zach Walters#\walteza01,26.0,LAD,NL,3,5,5,0,0,0,0,0,0,0,0,0,2,0.0,0.0,0.0,0.0,-100.0,0,0,0,0,0,0,/379,0
Jemile Weeks#\weeksje01,29.0,SDP,NL,17,57,50,5,7,1,1,0,2,1,0,3,14,0.14,0.204,0.2,0.40399999999999997,11.0,10,1,1,3,0,0,4/5,0
Rickie Weeks\weeksri01,33.0,ARI,NL,108,205,180,29,43,9,1,9,27,5,0,20,54,0.239,0.327,0.45,0.777,99.0,81,8,4,0,1,0,7/D9,0
Joey Wendle*\wendljo01,26.0,OAK,AL,28,104,96,11,25,1,0,1,11,2,0,6,16,0.26,0.298,0.302,0.6,67.0,29,3,0,0,2,0,4,0
Jayson Werth\werthja01,37.0,WSN,NL,143,606,525,84,128,28,0,21,69,5,1,71,139,0.244,0.335,0.41700000000000004,0.752,97.0,219,17,4,0,6,0,*7/D9,21000000
Matt Wieters#\wietema01,30.0,BAL,AL,124,464,423,48,103,17,1,17,66,1,0,32,85,0.243,0.302,0.409,0.711,89.0,173,10,5,1,3,1,*2/D,15800000
Andy Wilkins*\wilkian01,27.0,MIL,NL,26,27,24,3,3,1,0,1,3,1,0,3,10,0.125,0.222,0.292,0.514,35.0,7,1,0,0,0,0,/39,0
Mason Williams*\willima10,24.0,NYY,AL,12,29,27,4,8,1,0,0,2,0,0,1,12,0.29600000000000004,0.321,0.33299999999999996,0.655,76.0,9,0,0,1,0,0,/987D,509700
Mac Williamson\willima11,25.0,SFG,NL,54,127,112,14,25,3,0,6,15,0,1,13,35,0.223,0.315,0.41100000000000003,0.726,95.0,46,4,2,0,0,0,97/D,0
Bobby Wilson\wilsobo02,33.0,TOT,AL,75,251,228,25,54,6,0,7,33,0,0,11,64,0.237,0.27,0.355,0.626,66.0,81,6,1,7,4,0,2,0
Bobby Wilson\wilsobo02,33.0,DET,AL,5,15,13,0,2,0,0,0,2,0,0,1,3,0.154,0.2,0.154,0.354,-2.0,2,1,0,0,1,0,/2,0
Bobby Wilson\wilsobo02,33.0,TEX,AL,42,141,128,11,32,4,0,3,22,0,0,5,33,0.25,0.27699999999999997,0.35200000000000004,0.629,64.0,45,2,1,4,3,0,2,0
Bobby Wilson\wilsobo02,33.0,TBR,AL,28,95,87,14,20,2,0,4,9,0,0,5,28,0.23,0.272,0.391,0.6629999999999999,80.0,34,3,0,3,0,0,2,0
Tony Wolters*\wolteto01,24.0,COL,NL,71,230,205,27,53,15,2,3,30,4,1,21,53,0.259,0.327,0.395,0.723,81.0,81,1,0,4,0,2,2/46,507500
Kolten Wong*\wongko01,25.0,STL,NL,121,361,313,39,75,7,7,5,23,7,0,34,52,0.24,0.327,0.355,0.682,84.0,111,3,9,0,5,2,4/879,1250000
Danny Worth\worthda01,30.0,HOU,AL,16,40,39,4,7,2,0,0,1,0,0,1,6,0.179,0.2,0.231,0.431,20.0,9,1,0,0,0,0,/45D6,0
David Wright\wrighda03,33.0,NYM,NL,37,164,137,18,31,8,0,7,14,3,2,26,55,0.226,0.35,0.43799999999999994,0.7879999999999999,112.0,60,0,0,0,0,0,5,20000000
Christian Yelich*\yelicch01,24.0,MIA,NL,155,659,578,78,172,38,3,21,98,9,4,72,138,0.298,0.376,0.483,0.8590000000000001,135.0,279,20,4,0,5,4,*78/D,1000000
Rafael Ynoa#\ynoara01,28.0,COL,NL,3,5,5,0,0,0,0,0,0,0,0,0,2,0.0,0.0,0.0,0.0,-100.0,0,0,0,0,0,0,/7,0
Chris Young\youngch04,32.0,BOS,AL,76,227,203,29,56,18,0,9,24,4,2,21,50,0.276,0.35200000000000004,0.498,0.85,121.0,101,4,3,0,0,0,7/89D,6500000
Eric Young Jr.#\younger03,31.0,NYY,AL,6,1,1,2,0,0,0,0,0,1,0,0,0,0.0,0.0,0.0,0.0,-100.0,0,0,0,0,0,0,/D8,0
Ryan Zimmerman\zimmery01,31.0,WSN,NL,115,467,427,60,93,18,1,15,46,4,1,29,104,0.218,0.272,0.37,0.642,67.0,158,12,5,0,6,1,*3/D,14000000
Ben Zobrist#\zobribe01,35.0,CHC,NL,147,631,523,94,142,31,3,18,76,6,4,96,82,0.272,0.386,0.446,0.831,121.0,233,17,4,4,4,6,*479/36,10500000
Mike Zunino\zuninmi01,25.0,SEA,AL,55,192,164,16,34,7,0,12,31,0,0,21,65,0.207,0.318,0.47,0.787,113.0,77,0,6,0,1,0,2/D,0
LgAvg per 600 PA,,,,201,600,539,70,137,27,3,18,67,8,3,49,127,0.255,0.32,0.415,0.735,,224,12,5,3,4,3,,0
